,SalePrice,OverallQual,OverallCond,BedroomAbvGr,TotRmsAbvGrd,GrLivArea,TotalBsmtSF,YearBuilt,MSZoning,Utilities,BldgType
0,208500,7,5,3,8,1710,856,2003,RL,AllPub,1Fam
1,181500,6,8,3,6,1262,1262,1976,RL,AllPub,1Fam
2,223500,7,5,3,6,1786,920,2001,RL,AllPub,1Fam
3,140000,7,5,3,7,1717,756,1915,RL,AllPub,1Fam
4,250000,8,5,4,9,2198,1145,2000,RL,AllPub,1Fam
5,143000,5,5,1,5,1362,796,1993,RL,AllPub,1Fam
6,307000,8,5,3,7,1694,1686,2004,RL,AllPub,1Fam
7,200000,7,6,3,7,2090,1107,1973,RL,AllPub,1Fam
8,129900,7,5,2,8,1774,952,1931,RM,AllPub,1Fam
9,118000,5,6,2,5,1077,991,1939,RL,AllPub,2fmCon
10,129500,5,5,3,5,1040,1040,1965,RL,AllPub,1Fam
11,345000,9,5,4,11,2324,1175,2005,RL,AllPub,1Fam
12,144000,5,6,2,4,912,912,1962,RL,AllPub,1Fam
13,279500,7,5,3,7,1494,1494,2006,RL,AllPub,1Fam
14,157000,6,5,2,5,1253,1253,1960,RL,AllPub,1Fam
15,132000,7,8,2,5,854,832,1929,RM,AllPub,1Fam
16,149000,6,7,2,5,1004,1004,1970,RL,AllPub,1Fam
17,90000,4,5,2,6,1296,0,1967,RL,AllPub,Duplex
18,159000,5,5,3,6,1114,1114,2004,RL,AllPub,1Fam
19,139000,5,6,3,6,1339,1029,1958,RL,AllPub,1Fam
20,325300,8,5,4,9,2376,1158,2005,RL,AllPub,1Fam
21,139400,7,7,3,6,1108,637,1930,RM,AllPub,1Fam
22,230000,8,5,3,7,1795,1777,2002,RL,AllPub,1Fam
23,129900,5,7,3,6,1060,1040,1976,RM,AllPub,TwnhsE
24,154000,5,8,3,6,1060,1060,1968,RL,AllPub,1Fam
25,256300,8,5,3,7,1600,1566,2007,RL,AllPub,1Fam
26,134800,5,7,3,5,900,900,1951,RL,AllPub,1Fam
27,306000,8,5,3,7,1704,1704,2007,RL,AllPub,1Fam
28,207500,5,6,2,6,1600,1484,1957,RL,AllPub,1Fam
29,68500,4,6,1,4,520,520,1927,RM,AllPub,1Fam
30,40000,4,4,3,6,1317,649,1920,C (all),AllPub,1Fam
31,149350,5,6,3,6,1228,1228,1966,RL,AllPub,1Fam
32,179900,8,5,3,7,1234,1234,2007,RL,AllPub,1Fam
33,165500,5,5,4,6,1700,1398,1959,RL,AllPub,1Fam
34,277500,9,5,2,6,1561,1561,2005,RL,AllPub,TwnhsE
35,309000,8,5,4,9,2452,1117,2004,RL,AllPub,1Fam
36,145000,5,5,3,6,1097,1097,1994,RL,AllPub,1Fam
37,153000,5,6,3,5,1297,1297,1954,RL,AllPub,1Fam
38,109000,5,7,3,5,1057,1057,1953,RL,AllPub,1Fam
39,82000,4,5,2,6,1152,0,1955,RL,AllPub,Duplex
40,160000,6,5,3,6,1324,1088,1965,RL,AllPub,1Fam
41,170000,5,6,2,5,1328,1350,1959,RL,AllPub,1Fam
42,144000,5,7,2,5,884,840,1983,RL,AllPub,1Fam
43,130250,5,6,3,5,938,938,1975,RL,AllPub,1Fam
44,141000,5,6,3,6,1150,1150,1959,RL,AllPub,1Fam
45,319900,9,5,2,6,1752,1752,2005,RL,AllPub,TwnhsE
46,239686,7,5,1,6,2149,1434,2003,RL,AllPub,1Fam
47,249700,8,5,3,7,1656,1656,2006,FV,AllPub,1Fam
48,113000,4,5,2,8,1452,736,1920,RM,AllPub,2fmCon
49,127000,5,7,3,6,955,955,1966,RL,AllPub,1Fam
50,177000,6,6,3,6,1470,794,1997,RL,AllPub,1Fam
51,114500,6,6,3,6,1176,816,1934,RM,AllPub,1Fam
52,110000,5,5,2,5,816,816,1963,RM,AllPub,Duplex
53,385000,9,5,0,5,1842,1842,1981,RL,AllPub,1Fam
54,130000,5,5,3,6,1360,384,1955,RL,AllPub,1Fam
55,180500,6,5,3,7,1425,1425,1964,RL,AllPub,1Fam
56,172500,8,5,3,7,1739,970,1999,FV,AllPub,Twnhs
57,196500,7,5,3,7,1720,860,2004,RL,AllPub,1Fam
58,438780,10,5,3,10,2945,1410,2006,RL,AllPub,1Fam
59,124900,5,7,2,4,780,780,1972,RL,AllPub,1Fam
60,158000,6,5,3,5,1158,1158,2004,RL,AllPub,1Fam
61,101000,5,7,3,6,1111,530,1920,RM,AllPub,1Fam
62,202500,8,5,2,6,1370,1370,2006,RL,AllPub,TwnhsE
63,140000,7,6,3,9,1710,576,1921,RM,AllPub,1Fam
64,219500,7,5,3,8,2034,1057,1997,RL,AllPub,1Fam
65,317000,8,5,4,9,2473,1143,2004,RL,AllPub,1Fam
66,180000,7,5,3,7,2207,1947,1970,RL,AllPub,1Fam
67,226000,7,5,3,7,1479,1453,2003,RL,AllPub,1Fam
68,80000,4,6,2,4,747,747,1945,RM,AllPub,1Fam
69,225000,7,4,3,7,2287,1304,1953,RL,AllPub,1Fam
70,244000,7,6,3,8,2223,2223,1973,RL,AllPub,1Fam
71,129500,4,6,2,4,845,845,1982,RL,AllPub,1Fam
72,185000,7,5,3,7,1718,832,1998,RL,AllPub,1Fam
73,144900,5,7,3,6,1086,1086,1954,RL,AllPub,1Fam
74,107400,3,6,3,8,1605,840,1915,RM,AllPub,1Fam
75,91000,4,5,2,5,988,462,1973,RM,AllPub,Twnhs
76,135750,4,7,2,4,952,952,1956,RL,AllPub,1Fam
77,127000,5,5,2,6,1285,672,1948,RM,AllPub,1Fam
78,136500,4,5,4,8,1768,1768,1968,RL,AllPub,Duplex
79,110000,5,6,2,5,1230,440,1910,RM,AllPub,1Fam
80,193500,6,6,4,8,2142,896,1968,RL,AllPub,1Fam
81,153500,6,5,2,5,1337,1237,1998,RM,AllPub,TwnhsE
82,245000,8,5,3,6,1563,1563,2007,RL,AllPub,1Fam
83,126500,5,5,3,6,1065,1065,1960,RL,AllPub,1Fam
84,168500,7,5,3,7,1474,384,1995,RL,AllPub,1Fam
85,260000,8,5,4,9,2417,1288,1991,RL,AllPub,1Fam
86,174000,6,5,3,6,1560,684,2005,RL,AllPub,1Fam
87,164500,6,5,2,4,1224,612,2009,FV,AllPub,TwnhsE
88,85000,3,2,2,6,1526,1013,1915,C (all),AllPub,1Fam
89,123600,4,5,3,5,990,990,1994,RL,AllPub,1Fam
90,109900,4,5,2,4,1040,0,1950,RL,AllPub,1Fam
91,98600,5,3,2,6,1235,1235,1961,RL,AllPub,1Fam
92,163500,5,7,2,5,964,876,1921,RL,AllPub,1Fam
93,133900,6,6,4,9,2291,1214,1910,C (all),AllPub,2fmCon
94,204750,6,5,3,7,1786,824,1997,RL,AllPub,1Fam
95,185000,6,8,3,6,1470,680,1993,RL,AllPub,1Fam
96,214000,7,5,3,6,1588,1588,1999,RL,AllPub,1Fam
97,94750,4,5,3,6,960,960,1965,RL,AllPub,1Fam
98,83000,5,5,2,5,835,458,1920,RL,AllPub,1Fam
99,128950,4,5,3,6,1225,950,1959,RL,AllPub,1Fam
100,205000,6,7,3,6,1610,1610,1977,RL,AllPub,1Fam
101,178000,6,5,3,7,1732,741,1985,RL,AllPub,1Fam
102,118964,5,5,4,8,1535,0,1979,RL,AllPub,Duplex
103,198900,7,5,3,6,1226,1226,2009,RL,AllPub,1Fam
104,169500,7,4,4,7,1818,1040,1931,RM,AllPub,1Fam
105,250000,8,5,3,9,1992,1053,2003,FV,AllPub,1Fam
106,100000,4,7,2,6,1047,641,1885,RM,AllPub,1Fam
107,115000,5,5,2,5,789,789,1948,RM,AllPub,1Fam
108,115000,5,7,3,7,1517,793,1919,RM,AllPub,1Fam
109,190000,6,6,3,7,1844,1844,1977,RL,AllPub,1Fam
110,136900,6,4,4,7,1855,994,1954,RL,AllPub,1Fam
111,180000,7,5,3,7,1430,384,2000,RL,AllPub,1Fam
112,383970,7,5,4,10,2696,1264,2007,RL,AllPub,1Fam
113,217000,6,5,3,7,2259,1809,1953,RL,AllPub,1Fam
114,259500,6,8,3,9,2320,1028,1945,RL,AllPub,1Fam
115,176000,6,5,2,5,1458,729,1999,FV,AllPub,TwnhsE
116,139000,5,5,3,6,1092,1092,1962,RL,AllPub,1Fam
117,155000,5,5,2,5,1125,1125,2006,RL,AllPub,1Fam
118,320000,7,5,5,11,3222,1673,1990,RL,AllPub,1Fam
119,163990,6,5,3,8,1456,728,2005,RL,AllPub,1Fam
120,180000,6,5,1,4,988,938,1969,RL,AllPub,1Fam
121,100000,4,5,3,4,1123,732,1939,RM,AllPub,1Fam
122,136000,6,7,3,5,1080,1080,1958,RL,AllPub,1Fam
123,153900,6,5,2,5,1199,1199,1993,RL,AllPub,TwnhsE
124,181000,6,5,3,7,1586,1362,1979,RL,AllPub,1Fam
125,84500,6,8,2,5,754,520,1935,RM,AllPub,2fmCon
126,128000,6,5,2,5,958,1078,1976,RL,AllPub,TwnhsE
127,87000,5,7,3,5,840,672,1930,RM,AllPub,1Fam
128,155000,6,5,3,6,1348,660,1966,RL,AllPub,1Fam
129,150000,5,7,3,6,1053,1008,1958,RL,AllPub,1Fam
130,226000,7,6,4,8,2157,924,1966,RL,AllPub,1Fam
131,244000,6,5,3,7,2054,992,2000,RL,AllPub,1Fam
132,150750,5,6,3,7,1327,1063,1959,RL,AllPub,1Fam
133,220000,8,5,2,6,1296,1267,2001,RL,AllPub,1Fam
134,180000,5,6,3,7,1721,1461,1968,RL,AllPub,1Fam
135,174000,7,6,3,7,1682,1304,1970,RL,AllPub,1Fam
136,143000,5,5,3,5,1214,1214,1967,RL,AllPub,1Fam
137,171000,7,5,5,9,1959,1907,1988,RL,AllPub,Duplex
138,230000,8,5,3,7,1852,1004,1999,RL,AllPub,1Fam
139,231500,6,5,3,7,1764,928,1997,RL,AllPub,1Fam
140,115000,4,5,3,5,864,864,1971,RL,AllPub,1Fam
141,260000,7,5,3,7,1734,1734,2005,RL,AllPub,1Fam
142,166000,5,4,4,6,1385,910,1952,RL,AllPub,1Fam
143,204000,7,5,3,6,1501,1490,1999,RL,AllPub,1Fam
144,125000,5,5,6,10,1728,1728,1963,RM,AllPub,Duplex
145,130000,6,5,3,7,1709,970,2004,RM,AllPub,Twnhs
146,105000,5,7,2,5,875,715,1931,RM,AllPub,1Fam
147,222500,7,5,3,8,2035,884,2001,RL,AllPub,1Fam
148,141000,7,5,3,6,1080,1080,2004,RL,AllPub,1Fam
149,115000,5,4,3,7,1344,896,1936,RM,AllPub,1Fam
150,122000,5,6,3,5,969,969,1975,RL,AllPub,1Fam
151,372402,8,5,2,6,1710,1710,2007,RL,AllPub,1Fam
152,190000,6,5,4,8,1993,825,1971,RL,AllPub,1Fam
153,235000,6,7,1,4,1252,1602,1960,RL,AllPub,1Fam
154,125000,6,5,4,7,1200,1200,1923,RM,AllPub,1Fam
155,79000,6,5,2,5,1096,572,1924,RL,AllPub,1Fam
156,109500,5,7,2,5,1040,0,1950,RL,AllPub,1Fam
157,269500,8,5,4,8,1968,774,2009,RL,AllPub,1Fam
158,254900,7,5,3,8,1947,991,2004,FV,AllPub,1Fam
159,320000,7,5,4,9,2462,1392,2005,RL,AllPub,1Fam
160,162500,6,6,3,6,1232,1232,1984,RL,AllPub,1Fam
161,412500,9,5,3,10,2668,1572,2003,RL,AllPub,1Fam
162,220000,7,5,3,7,1541,1541,2005,RL,AllPub,1Fam
163,103200,4,6,1,4,882,882,1956,RL,AllPub,1Fam
164,152000,6,7,3,5,1616,1149,1926,RM,AllPub,1Fam
165,127500,5,7,4,6,1355,644,1940,RL,AllPub,2fmCon
166,190000,5,5,2,7,1867,1617,1955,RL,AllPub,1Fam
167,325624,8,5,3,8,2161,1582,2007,RL,AllPub,1Fam
168,183500,7,5,3,7,1720,840,2004,RL,AllPub,1Fam
169,228000,8,6,2,6,1707,1686,1981,RL,AllPub,1Fam
170,128500,5,6,2,7,1382,720,1941,RM,AllPub,1Fam
171,215000,6,5,3,7,1656,1080,1960,RL,AllPub,1Fam
172,239000,7,7,2,5,1767,1064,1987,RL,AllPub,TwnhsE
173,163000,6,5,3,6,1362,1362,1961,RL,AllPub,1Fam
174,184000,6,5,3,7,1651,1606,1986,RL,AllPub,1Fam
175,243000,6,7,4,7,2158,1202,1950,RL,AllPub,1Fam
176,211000,6,5,4,8,2060,1151,1988,RL,AllPub,1Fam
177,172500,5,5,4,8,1920,1052,1958,RL,AllPub,1Fam
178,501837,9,5,1,9,2234,2216,2008,RL,AllPub,1Fam
179,100000,5,6,2,5,968,968,1923,RM,AllPub,1Fam
180,177000,6,5,3,5,1525,756,2000,FV,AllPub,Twnhs
181,200100,7,6,4,9,1802,793,1920,RL,AllPub,1Fam
182,120000,5,6,3,7,1340,0,1957,RL,AllPub,1Fam
183,200000,7,5,3,6,2082,1362,2003,RM,AllPub,1Fam
184,127000,5,8,3,5,1252,504,1908,RL,AllPub,1Fam
185,475000,10,9,4,12,3608,1107,1892,RM,AllPub,1Fam
186,173000,7,5,3,6,1217,1188,1990,RL,AllPub,1Fam
187,135000,5,7,3,8,1656,660,1916,RL,AllPub,1Fam
188,153337,5,5,2,6,1224,1086,1979,RL,AllPub,Duplex
189,286000,8,5,0,5,1593,1593,2001,RL,AllPub,TwnhsE
190,315000,8,8,3,10,2727,853,1932,RL,AllPub,1Fam
191,184000,7,9,4,7,1479,725,1972,RL,AllPub,1Fam
192,192000,7,5,3,6,1431,1431,1999,RL,AllPub,1Fam
193,130000,7,5,3,7,1709,970,2004,RM,AllPub,Twnhs
194,127000,5,7,3,5,864,864,1972,RL,AllPub,1Fam
195,148500,6,6,3,7,1456,855,1976,RL,AllPub,Twnhs
196,311872,7,5,3,8,1726,1726,2007,RL,AllPub,1Fam
197,235000,8,4,4,8,3112,1360,1918,RL,AllPub,1Fam
198,104000,6,6,5,8,2229,755,1912,RM,AllPub,1Fam
199,274900,8,5,3,7,1713,1713,2004,RL,AllPub,1Fam
200,140000,4,5,2,5,1121,1121,2003,RM,AllPub,1Fam
201,171500,6,6,3,6,1279,1196,1977,RL,AllPub,1Fam
202,112000,6,6,2,6,1310,617,1924,RL,AllPub,1Fam
203,149000,6,5,1,3,848,848,2004,RM,AllPub,TwnhsE
204,110000,5,7,2,5,1284,720,1947,RM,AllPub,1Fam
205,180500,7,5,3,5,1442,1424,1990,RL,AllPub,1Fam
206,143900,5,5,3,8,1696,1140,1962,RL,AllPub,1Fam
207,141000,4,5,3,6,1100,1100,1960,RL,AllPub,1Fam
208,277000,7,5,3,7,2062,1157,1988,RL,AllPub,1Fam
209,145000,6,7,3,6,1092,1092,1964,RL,AllPub,1Fam
210,98000,5,6,2,5,864,864,1925,RL,AllPub,1Fam
211,186000,6,5,3,6,1212,1212,2009,RL,AllPub,1Fam
212,252678,7,5,3,7,1852,900,2009,FV,AllPub,1Fam
213,156000,5,5,3,5,990,990,1995,RL,AllPub,1Fam
214,161750,6,7,3,6,1392,689,1977,RL,AllPub,1Fam
215,134450,5,6,2,6,1236,1070,1957,RL,AllPub,1Fam
216,210000,7,5,3,8,1436,1436,2004,RL,AllPub,1Fam
217,107000,4,4,3,8,1328,686,1925,RM,AllPub,1Fam
218,311500,7,9,3,8,1954,798,1939,RL,AllPub,1Fam
219,167240,7,5,2,5,1248,1248,2005,RL,AllPub,TwnhsE
220,204900,7,5,2,5,1498,1498,2006,RL,AllPub,1Fam
221,200000,6,5,4,8,2267,1010,2002,RL,AllPub,1Fam
222,179900,6,6,3,6,1552,713,1975,RL,AllPub,1Fam
223,97000,4,6,2,4,864,864,1971,RL,AllPub,1Fam
224,386250,10,5,3,8,2392,2392,2003,RL,AllPub,1Fam
225,112000,5,5,3,6,1302,630,1971,RM,AllPub,Twnhs
226,290000,7,5,4,9,2520,1203,1995,RL,AllPub,1Fam
227,106000,6,6,2,5,987,483,1970,RM,AllPub,Twnhs
228,125000,5,5,3,5,912,912,1967,RL,AllPub,1Fam
229,192500,7,5,2,7,1555,1373,2005,RL,AllPub,TwnhsE
230,148000,6,6,3,6,1194,1194,1959,RL,AllPub,1Fam
231,403000,8,5,4,9,2794,1462,1995,RL,AllPub,1Fam
232,94500,6,5,2,5,987,483,1972,RM,AllPub,Twnhs
233,128200,5,6,3,5,894,894,1976,RL,AllPub,1Fam
234,216500,6,5,4,8,1960,860,2002,RL,AllPub,1Fam
235,89500,6,3,2,5,987,483,1971,RM,AllPub,TwnhsE
236,185500,7,5,3,6,1414,1414,2004,RL,AllPub,1Fam
237,194500,7,7,3,7,1744,996,1993,RL,AllPub,1Fam
238,318000,8,5,3,7,1694,1694,2007,RL,AllPub,1Fam
239,113000,6,4,3,7,1487,735,1945,RL,AllPub,1Fam
240,262500,8,5,3,7,1566,1566,2008,FV,AllPub,1Fam
241,110500,5,9,2,4,866,686,1945,RM,AllPub,1Fam
242,79000,5,4,3,6,1440,540,1900,RM,AllPub,1Fam
243,120000,6,6,3,6,1217,626,1980,RL,AllPub,TwnhsE
244,205000,7,5,3,8,2110,948,1994,RL,AllPub,1Fam
245,241500,7,5,3,6,1872,1845,1988,RL,AllPub,1Fam
246,137000,6,8,4,9,1928,1020,1910,RM,AllPub,2fmCon
247,140000,6,5,2,5,1375,1367,1954,RL,AllPub,1Fam
248,180000,7,5,3,8,1668,840,2003,RL,AllPub,1Fam
249,277000,6,7,4,7,2144,1444,1958,RL,AllPub,1Fam
250,76500,3,2,3,6,1306,728,1940,RL,AllPub,1Fam
251,235000,8,5,2,5,1625,1573,2006,RM,AllPub,TwnhsE
252,173000,6,5,3,6,1640,798,2004,RL,AllPub,1Fam
253,158000,6,7,3,7,1302,1302,1964,RL,AllPub,1Fam
254,145000,5,6,3,5,1314,1314,1957,RL,AllPub,1Fam
255,230000,7,5,4,8,2291,975,1999,RL,AllPub,1Fam
256,207500,6,5,3,7,1728,864,2003,FV,AllPub,1Fam
257,220000,7,5,3,8,1604,1604,2006,RL,AllPub,1Fam
258,231500,7,5,3,7,1792,963,2001,RL,AllPub,1Fam
259,97000,5,5,2,4,882,0,1956,RM,AllPub,1Fam
260,176000,6,5,3,6,1382,1362,1962,RL,AllPub,1Fam
261,276000,8,5,3,10,2574,1482,2007,RL,AllPub,1Fam
262,151000,6,7,3,6,1212,506,1977,RL,AllPub,1Fam
263,130000,5,7,3,6,1316,926,1929,RM,AllPub,1Fam
264,73000,5,5,2,4,764,680,1925,RM,AllPub,1Fam
265,175500,6,6,3,7,1422,1422,1981,RL,AllPub,1Fam
266,185000,6,5,3,8,1511,802,1997,RL,AllPub,1Fam
267,179500,5,8,4,8,2192,720,1939,RL,AllPub,1Fam
268,120500,5,6,2,4,778,740,1940,RM,AllPub,1Fam
269,148000,6,7,3,6,1113,1143,1976,RL,AllPub,1Fam
270,266000,8,5,3,8,1939,1095,2006,FV,AllPub,1Fam
271,241500,7,7,2,5,1363,1385,1954,RL,AllPub,1Fam
272,290000,8,7,4,9,2270,1152,1999,RL,AllPub,1Fam
273,139000,6,6,3,6,1632,1240,1958,RL,AllPub,1Fam
274,124500,5,7,2,5,816,816,1982,RL,AllPub,1Fam
275,205000,7,7,3,5,1548,952,1925,RL,AllPub,1Fam
276,201000,7,5,3,7,1560,1560,2003,RL,AllPub,1Fam
277,141000,4,5,2,4,864,864,1951,RL,AllPub,1Fam
278,415298,9,5,3,8,2121,2121,2006,RL,AllPub,1Fam
279,192000,7,5,4,8,2022,1160,1977,RL,AllPub,1Fam
280,228500,7,6,3,7,1982,807,1989,RL,AllPub,1Fam
281,185000,6,5,2,5,1262,1262,2006,FV,AllPub,1Fam
282,207500,7,5,2,6,1314,1314,2007,RL,AllPub,Twnhs
283,244600,8,5,3,6,1468,1468,2008,RL,AllPub,1Fam
284,179200,6,5,2,5,1575,1575,1992,RL,AllPub,TwnhsE
285,164700,7,5,2,5,1250,625,2006,FV,AllPub,TwnhsE
286,159000,6,7,3,7,1734,912,1962,RL,AllPub,1Fam
287,88000,4,4,3,5,858,858,1971,RL,AllPub,1Fam
288,122000,5,5,3,5,900,882,1967,RL,AllPub,1Fam
289,153575,6,7,3,7,1396,698,1915,RL,AllPub,1Fam
290,233230,8,5,3,8,1919,1079,2006,RL,AllPub,1Fam
291,135900,5,6,6,9,1716,780,1912,RL,AllPub,2fmCon
292,131000,5,4,3,8,1716,768,1949,RL,AllPub,1Fam
293,235000,7,7,3,9,2263,795,1977,RL,AllPub,1Fam
294,167000,6,5,3,7,1644,1416,1953,RL,AllPub,1Fam
295,142500,6,6,3,6,1003,1003,1984,RL,AllPub,1Fam
296,152000,5,5,4,6,1558,910,1950,RM,AllPub,1Fam
297,239000,7,5,3,7,1950,975,1997,FV,AllPub,1Fam
298,175000,6,6,3,7,1743,702,1968,RL,AllPub,1Fam
299,158500,6,8,3,6,1152,1092,1950,RL,AllPub,1Fam
300,157000,5,5,2,5,1336,1165,1953,RL,AllPub,2fmCon
301,267000,8,5,4,9,2452,1028,1998,RL,AllPub,1Fam
302,205000,7,5,3,6,1541,1541,2001,RL,AllPub,1Fam
303,149900,5,7,3,5,894,894,1972,RL,AllPub,1Fam
304,295000,7,9,3,10,3493,1470,1880,RM,AllPub,1Fam
305,305900,8,5,3,8,2000,2000,2004,RL,AllPub,1Fam
306,225000,7,5,4,8,2243,700,1990,RL,AllPub,1Fam
307,89500,6,7,3,6,1406,319,1920,RM,AllPub,1Fam
308,82500,4,5,1,4,861,861,1940,RL,AllPub,1Fam
309,360000,9,5,3,8,1944,1896,2003,RL,AllPub,1Fam
310,165600,6,5,3,6,1501,697,1993,RL,AllPub,1Fam
311,132000,6,6,2,5,972,972,1948,RL,AllPub,1Fam
312,119900,5,7,3,5,1118,793,1939,RM,AllPub,2fmCon
313,375000,7,5,3,8,2036,2136,1965,RL,AllPub,1Fam
314,178000,7,7,3,6,1641,728,1925,RM,AllPub,1Fam
315,188500,7,5,3,6,1432,716,2004,RL,AllPub,1Fam
316,260000,7,7,4,10,2353,845,1980,RL,AllPub,1Fam
317,270000,8,5,3,8,1959,1088,2006,FV,AllPub,1Fam
318,260000,7,5,4,9,2646,1347,1993,RL,AllPub,1Fam
319,187500,7,5,3,6,1472,1372,1980,RL,AllPub,1Fam
320,342643,9,5,4,9,2596,1249,2006,RL,AllPub,1Fam
321,354000,8,5,4,10,2468,1136,2004,RL,AllPub,1Fam
322,301000,7,5,4,8,2730,1502,1986,RL,AllPub,1Fam
323,126175,3,8,3,6,1163,1162,1955,RM,AllPub,1Fam
324,242000,7,7,5,11,2978,710,1967,RL,AllPub,1Fam
325,87000,5,6,2,5,803,720,1941,RM,AllPub,1Fam
326,324000,8,5,1,6,1719,1719,1993,RL,AllPub,TwnhsE
327,145250,6,5,3,7,1383,1383,1960,RL,AllPub,1Fam
328,214500,6,6,5,10,2134,844,1916,RL,AllPub,1Fam
329,78000,5,5,3,6,1192,596,1920,RM,AllPub,1Fam
330,119000,5,4,6,10,1728,1728,1964,RL,AllPub,Duplex
331,139000,5,6,3,6,1056,1056,1958,RL,AllPub,1Fam
332,284000,8,5,3,7,1629,3206,2003,RL,AllPub,1Fam
333,207000,7,5,2,6,1358,1358,2004,RM,AllPub,TwnhsE
334,192000,6,5,3,7,1638,943,1998,RL,AllPub,1Fam
335,228950,5,6,3,7,1786,1499,1965,RL,AllPub,2fmCon
336,377426,9,5,3,8,1922,1922,2005,RL,AllPub,1Fam
337,214000,7,5,3,7,1536,1536,2002,RL,AllPub,1Fam
338,202500,7,7,3,8,1621,1208,1984,RL,AllPub,1Fam
339,155000,6,7,3,6,1215,1215,1958,RL,AllPub,1Fam
340,202900,8,5,4,9,1908,967,2002,RL,AllPub,1Fam
341,82000,4,4,2,4,841,721,1950,RH,AllPub,1Fam
342,87500,3,4,2,6,1040,0,1949,RL,AllPub,Duplex
343,266000,9,5,2,6,1684,1684,2005,RL,AllPub,TwnhsE
344,85000,5,3,3,4,1112,536,1976,RM,AllPub,TwnhsE
345,140200,6,5,3,6,1577,972,1939,RL,AllPub,1Fam
346,151500,6,8,2,5,958,958,1960,RL,AllPub,1Fam
347,157500,6,5,3,6,1478,1478,1960,RL,AllPub,1Fam
348,154000,7,5,2,6,1626,764,2003,RL,AllPub,Twnhs
349,437154,9,5,4,10,2728,1848,2005,RL,AllPub,1Fam
350,318061,9,5,2,6,1869,1869,2007,RL,AllPub,TwnhsE
351,190000,7,5,2,6,1453,1453,1986,RL,AllPub,1Fam
352,95000,5,6,3,5,1111,616,1941,RL,AllPub,1Fam
353,105900,6,8,2,5,720,624,1928,RM,AllPub,1Fam
354,140000,6,5,2,6,1595,940,1940,RL,AllPub,1Fam
355,177500,6,5,3,6,1200,1200,1995,RL,AllPub,1Fam
356,173000,6,6,3,6,1167,1158,1992,RL,AllPub,1Fam
357,134000,5,5,3,6,1142,1142,1976,RM,AllPub,TwnhsE
358,130000,5,4,3,6,1352,1062,1958,RL,AllPub,1Fam
359,280000,8,5,3,7,1924,1086,1998,RL,AllPub,1Fam
360,156000,6,6,2,5,912,888,1978,RL,AllPub,1Fam
361,145000,5,5,3,8,1505,883,1940,RL,AllPub,1Fam
362,198500,7,5,4,7,1922,0,2003,RL,AllPub,1Fam
363,118000,6,8,2,5,987,483,1972,RM,AllPub,Twnhs
364,190000,6,5,3,6,1574,796,1976,RL,AllPub,1Fam
365,147000,5,7,3,6,1344,672,1920,RM,AllPub,1Fam
366,159000,6,5,3,6,1394,1394,1963,RL,AllPub,1Fam
367,165000,6,5,3,6,1431,1099,1962,RL,AllPub,1Fam
368,132000,5,6,2,7,1268,1268,1954,RL,AllPub,1Fam
369,162000,5,7,3,7,1287,1063,1959,RL,AllPub,1Fam
370,172400,6,5,3,7,1664,953,2000,RL,AllPub,1Fam
371,134432,4,4,4,7,1588,0,1959,RL,AllPub,1Fam
372,125000,6,5,2,4,752,744,1984,RL,AllPub,TwnhsE
373,123000,5,6,3,5,1319,608,1953,RL,AllPub,1Fam
374,219500,7,5,4,8,1928,847,2003,RL,AllPub,1Fam
375,61000,1,1,1,4,904,683,1922,RL,AllPub,1Fam
376,148000,5,5,2,5,914,870,1996,RL,AllPub,1Fam
377,340000,8,5,4,8,2466,1580,2004,FV,AllPub,1Fam
378,394432,9,2,1,8,1856,1856,2010,RL,AllPub,1Fam
379,179000,6,5,3,7,1800,982,2000,RL,AllPub,1Fam
380,127000,5,6,3,6,1691,1026,1924,RL,AllPub,1Fam
381,187750,7,5,2,5,1301,1293,2006,FV,AllPub,1Fam
382,213500,7,5,3,8,1797,939,2006,RL,AllPub,1Fam
383,76000,6,3,2,5,784,784,1928,RH,AllPub,1Fam
384,240000,6,5,3,9,1953,1580,1992,RL,AllPub,1Fam
385,192000,8,5,2,6,1269,1256,2004,RL,AllPub,TwnhsE
386,81000,5,3,5,8,1184,658,1910,RL,AllPub,1Fam
387,125000,6,6,3,6,1125,1041,1976,RL,AllPub,1Fam
388,191000,7,5,3,6,1479,1468,1999,RL,AllPub,1Fam
389,426000,10,5,3,9,2332,1682,2007,RL,AllPub,1Fam
390,119000,5,8,4,7,1367,861,1900,RL,AllPub,1Fam
391,215000,6,5,3,7,1961,804,2001,RL,AllPub,1Fam
392,106500,5,7,3,5,882,0,1959,RL,AllPub,1Fam
393,100000,4,5,2,4,788,788,1941,RL,AllPub,1Fam
394,109000,5,6,2,5,1034,735,1940,RL,AllPub,1Fam
395,129000,5,6,3,6,1144,1144,1956,RL,AllPub,1Fam
396,123000,5,5,2,6,894,894,1972,RL,AllPub,1Fam
397,169500,5,5,4,8,1812,864,1962,RL,AllPub,1Fam
398,67000,5,2,2,6,1077,961,1920,RM,AllPub,1Fam
399,241000,7,5,2,7,1550,1092,2006,FV,AllPub,1Fam
400,245500,8,5,1,4,1288,1260,1996,RL,AllPub,TwnhsE
401,164990,7,5,3,6,1310,1310,2005,RL,AllPub,1Fam
402,108000,5,8,2,4,672,672,1940,RL,AllPub,1Fam
403,258000,8,5,4,10,2263,1141,1998,RL,AllPub,1Fam
404,168000,6,5,3,7,1572,806,1995,RL,AllPub,1Fam
405,150000,4,4,3,8,1620,1281,1976,RL,AllPub,1Fam
406,115000,6,5,3,6,1639,1064,1936,RL,AllPub,1Fam
407,177000,6,7,4,8,1680,840,1915,RL,AllPub,1Fam
408,280000,7,5,3,9,2172,1063,2006,RL,AllPub,1Fam
409,339750,8,5,3,8,2078,1034,2007,FV,AllPub,1Fam
410,60000,5,3,3,5,1276,1276,1958,RL,AllPub,1Fam
411,145000,5,5,3,5,1056,1056,1955,RL,AllPub,2fmCon
412,222000,7,5,2,7,1478,1470,2009,FV,AllPub,1Fam
413,115000,5,6,2,5,1028,1008,1927,RM,AllPub,1Fam
414,228000,7,5,3,9,2097,1080,1993,RL,AllPub,1Fam
415,181134,7,5,3,6,1340,1340,2007,RL,AllPub,1Fam
416,149500,6,7,3,6,1400,672,1978,RL,AllPub,1Fam
417,239000,6,6,4,10,2624,1370,1918,RL,AllPub,1Fam
418,126000,5,6,3,7,1134,756,1940,RL,AllPub,1Fam
419,142000,5,6,3,6,1056,1056,1968,RL,AllPub,1Fam
420,206300,7,5,2,8,1344,1344,1997,RM,AllPub,Duplex
421,215000,6,7,3,8,1602,1602,1977,RL,AllPub,1Fam
422,113000,5,5,2,4,988,988,1954,RL,AllPub,1Fam
423,315000,8,5,4,8,2630,1470,1998,RL,AllPub,1Fam
424,139000,6,5,2,6,1196,1196,1956,RL,AllPub,1Fam
425,135000,7,8,3,6,1389,651,1946,RM,AllPub,1Fam
426,275000,7,5,2,5,1644,1518,1989,RL,AllPub,1Fam
427,109008,4,6,3,5,907,907,1957,RL,AllPub,1Fam
428,195400,7,5,2,6,1208,1208,2007,RL,AllPub,1Fam
429,175000,6,5,3,6,1412,1392,1988,RL,AllPub,1Fam
430,85400,6,5,2,4,987,483,1971,RM,AllPub,Twnhs
431,79900,6,7,4,7,1198,901,1920,RM,AllPub,1Fam
432,122500,5,5,2,6,1365,765,1971,RM,AllPub,TwnhsE
433,181000,6,5,3,7,1604,926,1997,RL,AllPub,1Fam
434,81000,4,7,1,3,630,630,1972,RM,AllPub,Twnhs
435,212000,7,6,3,6,1661,799,1996,RL,AllPub,1Fam
436,116000,6,8,2,6,1118,648,1920,RM,AllPub,1Fam
437,119000,6,7,2,4,904,884,1926,RM,AllPub,1Fam
438,90350,5,6,2,4,694,440,1913,RL,AllPub,1Fam
439,110000,6,8,3,7,1196,684,1920,RL,AllPub,1Fam
440,555000,10,5,2,10,2402,3094,2008,RL,AllPub,1Fam
441,118000,4,4,4,8,1440,1440,1955,RL,AllPub,Duplex
442,162900,5,7,3,8,1573,1078,1930,RM,AllPub,1Fam
443,172500,7,5,2,6,1258,1258,2006,RL,AllPub,TwnhsE
444,210000,7,5,4,8,1908,915,1994,RL,AllPub,1Fam
445,127500,6,5,3,7,1689,1436,1956,RL,AllPub,1Fam
446,190000,6,6,2,6,1888,1517,1966,RL,AllPub,1Fam
447,199900,7,5,4,10,1886,930,1998,RL,AllPub,1Fam
448,119500,6,6,3,7,1376,780,1937,RM,AllPub,1Fam
449,120000,3,7,2,6,1183,649,1948,RM,AllPub,1Fam
450,110000,6,8,2,5,813,813,1930,RM,AllPub,1Fam
451,280000,7,5,2,5,1533,1533,1975,RL,AllPub,1Fam
452,204000,6,5,3,7,1756,872,1996,RL,AllPub,1Fam
453,210000,8,5,3,6,1590,768,2008,FV,AllPub,1Fam
454,188000,5,5,4,8,1728,1728,1976,RL,AllPub,Duplex
455,175500,7,6,3,6,1242,1242,1973,RL,AllPub,1Fam
456,98000,5,5,4,7,1344,624,1916,RM,AllPub,1Fam
457,256000,4,6,2,6,1663,1364,1954,RL,AllPub,1Fam
458,161000,8,7,3,7,1666,588,1925,RM,AllPub,1Fam
459,110000,5,4,3,5,1203,709,1950,RL,AllPub,1Fam
460,263435,8,5,3,8,1935,832,2009,FV,AllPub,1Fam
461,155000,7,9,3,6,1135,560,1936,RL,AllPub,1Fam
462,62383,5,5,3,5,864,864,1965,RL,AllPub,1Fam
463,188700,6,7,3,6,1660,715,1934,RL,AllPub,1Fam
464,124000,5,5,3,5,1040,1040,1978,RL,AllPub,1Fam
465,178740,7,5,2,6,1414,1375,2004,RM,AllPub,TwnhsE
466,167000,7,5,2,5,1277,1277,1970,RL,AllPub,1Fam
467,146500,5,7,3,7,1644,728,1942,RL,AllPub,1Fam
468,250000,8,5,3,7,1634,1626,2006,RL,AllPub,1Fam
469,187000,6,5,3,7,1710,832,1993,RL,AllPub,1Fam
470,212000,8,5,1,4,1502,1488,1985,RL,AllPub,TwnhsE
471,190000,7,6,3,8,1969,808,1977,RL,AllPub,1Fam
472,148000,6,5,2,5,1072,547,2005,RM,AllPub,TwnhsE
473,440000,8,5,2,7,1976,1976,2006,RL,AllPub,1Fam
474,251000,8,5,2,6,1652,1494,2000,RL,AllPub,TwnhsE
475,132500,5,6,2,5,970,970,1963,RL,AllPub,1Fam
476,208900,6,5,3,7,1493,1478,1997,RL,AllPub,1Fam
477,380000,9,5,3,9,2643,2153,2006,RL,AllPub,1Fam
478,297000,8,5,3,7,1718,1705,2007,RL,AllPub,1Fam
479,89471,4,7,2,7,1131,907,1937,RM,AllPub,1Fam
480,326000,9,5,3,8,1850,1833,2004,RL,AllPub,1Fam
481,374000,9,5,2,6,1792,1792,2003,RL,AllPub,1Fam
482,155000,7,8,4,7,1826,910,1915,RM,AllPub,1Fam
483,164000,6,5,2,5,1216,1216,1998,RM,AllPub,Twnhs
484,132500,5,7,3,6,999,999,1962,RL,AllPub,1Fam
485,147000,5,7,3,5,1113,1113,1950,RL,AllPub,1Fam
486,156000,5,7,3,6,1073,1073,1965,RL,AllPub,1Fam
487,175000,5,6,3,7,1484,1484,1971,RL,AllPub,1Fam
488,160000,5,4,3,10,2414,954,1900,RL,AllPub,2fmCon
489,86000,4,8,1,3,630,630,1970,RM,AllPub,Twnhs
490,115000,5,6,3,4,1304,264,1976,RM,AllPub,TwnhsE
491,133000,6,7,3,5,1578,806,1941,RL,AllPub,1Fam
492,172785,6,5,3,8,1456,728,2006,RL,AllPub,1Fam
493,155000,5,6,3,6,1269,1269,1960,RL,AllPub,1Fam
494,91300,5,8,2,4,886,190,1938,RM,AllPub,1Fam
495,34900,4,5,2,4,720,720,1920,C (all),AllPub,1Fam
496,430000,8,5,4,10,3228,3200,1992,RL,AllPub,1Fam
497,184000,7,6,4,8,1820,1026,1925,RL,AllPub,1Fam
498,130000,5,7,3,5,899,864,1967,RL,AllPub,1Fam
499,120000,5,7,2,5,912,912,1958,RL,AllPub,1Fam
500,113000,6,5,3,7,1218,672,1973,RM,AllPub,Twnhs
501,226700,7,5,3,7,1768,866,2005,FV,AllPub,1Fam
502,140000,5,7,2,6,1214,1214,1965,RL,AllPub,1Fam
503,289000,7,8,1,6,1801,1501,1959,RL,AllPub,1Fam
504,147000,6,5,3,6,1322,855,1974,RL,AllPub,TwnhsE
505,124500,5,5,4,10,1960,960,1952,RM,AllPub,Duplex
506,215000,8,5,3,8,1911,777,1993,RL,AllPub,1Fam
507,208300,6,5,2,4,1218,1218,2009,FV,AllPub,1Fam
508,161000,7,9,3,7,1378,689,1928,RM,AllPub,1Fam
509,124500,5,6,3,6,1041,1041,1959,RL,AllPub,1Fam
510,164900,5,7,2,6,1363,1008,1951,RL,AllPub,1Fam
511,202665,7,5,2,6,1368,1368,2005,RL,AllPub,TwnhsE
512,129900,5,5,3,5,864,864,1958,RL,AllPub,1Fam
513,134000,6,5,3,5,1080,1084,1983,RL,AllPub,1Fam
514,96500,5,5,2,5,789,768,1926,RL,AllPub,1Fam
515,402861,10,5,3,9,2020,2006,2009,RL,AllPub,1Fam
516,158000,6,6,3,7,2119,689,1972,RL,AllPub,1Fam
517,265000,7,5,3,7,2344,1264,1996,RL,AllPub,1Fam
518,211000,6,5,3,7,1796,794,1998,RL,AllPub,1Fam
519,234000,7,9,3,9,2080,1276,1926,RL,AllPub,1Fam
520,106250,4,7,3,7,1294,0,1900,RL,AllPub,2fmCon
521,150000,6,6,3,6,1244,1244,1957,RL,AllPub,1Fam
522,159000,6,7,3,7,1664,1004,1947,RM,AllPub,1Fam
523,184750,10,5,3,11,4676,3138,2007,RL,AllPub,1Fam
524,315750,7,5,3,8,2398,1379,1996,RL,AllPub,1Fam
525,176000,7,5,3,6,1266,1257,2005,FV,AllPub,1Fam
526,132000,5,7,2,4,928,928,1956,RL,AllPub,1Fam
527,446261,9,5,3,11,2713,1452,2008,RL,AllPub,1Fam
528,86000,4,7,2,5,605,528,1920,RL,AllPub,1Fam
529,200624,6,3,4,9,2515,2035,1957,RL,AllPub,1Fam
530,175000,6,5,3,5,1509,1461,1988,RL,AllPub,1Fam
531,128000,6,8,3,6,1362,611,1920,RM,AllPub,1Fam
532,107500,5,7,2,5,827,0,1955,RL,AllPub,1Fam
533,39300,1,3,1,2,334,0,1946,RL,AllPub,1Fam
534,178000,8,5,3,6,1414,707,2004,RL,AllPub,1Fam
535,107500,5,7,3,5,1347,1117,1910,RL,AllPub,2fmCon
536,188000,7,5,3,8,1724,880,1998,RL,AllPub,1Fam
537,111250,4,5,3,5,864,864,1972,RL,AllPub,1Fam
538,158000,5,5,3,7,1159,1051,1968,RL,AllPub,1Fam
539,272000,8,5,3,6,1601,1581,2001,RL,AllPub,1Fam
540,315000,9,5,2,8,1838,1838,2006,RL,AllPub,1Fam
541,248000,8,5,4,8,2285,969,2000,RL,AllPub,1Fam
542,213250,7,5,3,7,1680,1650,1998,RL,AllPub,1Fam
543,133000,7,5,1,4,767,723,1998,RH,AllPub,TwnhsE
544,179665,7,5,3,7,1496,654,2006,RL,AllPub,1Fam
545,229000,7,5,4,9,2183,1204,1988,RL,AllPub,1Fam
546,210000,6,7,3,6,1635,1065,1923,RL,AllPub,1Fam
547,129500,5,7,2,5,768,768,1970,RL,AllPub,1Fam
548,125000,5,7,2,4,825,825,1955,RM,AllPub,1Fam
549,263000,7,5,4,8,2094,912,2003,FV,AllPub,1Fam
550,140000,6,6,2,4,1069,1069,1977,RL,AllPub,TwnhsE
551,112500,5,6,3,5,928,928,1957,RM,AllPub,1Fam
552,255500,8,5,3,7,1717,1709,2006,RL,AllPub,1Fam
553,108000,4,5,2,5,1126,0,1949,RL,AllPub,1Fam
554,284000,7,5,3,8,2046,998,2003,RL,AllPub,1Fam
555,113000,5,6,2,5,1048,993,1922,RM,AllPub,1Fam
556,141000,5,5,2,6,1092,1092,1957,RL,AllPub,1Fam
557,108000,4,6,3,7,1336,637,1920,C (all),AllPub,1Fam
558,175000,7,5,3,6,1446,729,1996,RL,AllPub,1Fam
559,234000,7,5,2,7,1557,1374,2003,RL,AllPub,TwnhsE
560,121500,5,6,3,5,1392,1392,1957,RL,AllPub,1Fam
561,170000,5,5,2,6,1389,1389,1974,RL,AllPub,1Fam
562,108000,5,6,3,6,996,996,1940,RL,AllPub,1Fam
563,185000,6,7,4,8,1674,1163,1918,RL,AllPub,1Fam
564,268000,7,5,4,9,2295,1095,1992,RL,AllPub,1Fam
565,128000,6,4,4,6,1647,806,1915,RL,AllPub,1Fam
566,325000,9,5,4,11,2504,1122,2005,RL,AllPub,1Fam
567,214000,7,5,3,7,1535,1517,2004,RL,AllPub,1Fam
568,316600,8,8,1,5,2132,1496,1983,RL,AllPub,1Fam
569,135960,5,5,2,4,943,943,1979,RL,AllPub,Duplex
570,142600,5,5,6,10,1728,1728,1965,RL,AllPub,Duplex
571,120000,6,6,2,4,864,864,1959,RL,AllPub,1Fam
572,224500,7,5,3,6,1692,846,2009,RL,AllPub,1Fam
573,170000,7,5,3,8,1430,384,2000,RL,AllPub,1Fam
574,139000,5,7,3,5,1109,372,1971,RL,AllPub,1Fam
575,118500,5,5,2,6,1216,832,1947,RL,AllPub,1Fam
576,145000,7,7,3,6,1477,861,1928,RL,AllPub,1Fam
577,164500,5,6,3,6,1320,1164,1966,RL,AllPub,1Fam
578,146000,7,5,2,5,1392,689,2007,FV,AllPub,TwnhsE
579,131500,5,5,4,7,1795,1050,1954,RM,AllPub,1Fam
580,181900,6,6,3,7,1429,1144,1960,RL,AllPub,1Fam
581,253293,8,5,3,8,2042,2042,2008,RL,AllPub,1Fam
582,118500,6,5,3,5,816,816,1990,RL,AllPub,Duplex
583,325000,10,9,3,9,2775,1237,1893,RM,AllPub,1Fam
584,133000,4,7,3,6,1573,884,1935,RM,AllPub,1Fam
585,369900,8,5,2,7,2028,1868,2005,RL,AllPub,1Fam
586,130000,6,7,2,5,838,816,1918,RL,AllPub,1Fam
587,137000,5,6,2,4,860,840,1982,RL,AllPub,1Fam
588,143000,5,8,1,5,1473,1437,1968,RL,AllPub,1Fam
589,79500,5,6,2,4,935,742,1930,RM,AllPub,1Fam
590,185900,7,5,3,6,1582,770,2004,RL,AllPub,1Fam
591,451950,10,5,3,10,2296,1722,2008,RL,AllPub,1Fam
592,138000,5,8,2,4,816,816,1982,RL,AllPub,1Fam
593,140000,6,5,1,4,848,848,2003,RM,AllPub,TwnhsE
594,110000,5,6,3,5,924,924,1975,RL,AllPub,1Fam
595,319000,8,5,3,7,1826,1814,2005,RL,AllPub,1Fam
596,114504,6,7,3,7,1368,684,1910,RM,AllPub,1Fam
597,194201,7,5,2,7,1402,1258,2006,RL,AllPub,TwnhsE
598,217500,5,6,3,7,1647,1430,1977,RL,AllPub,1Fam
599,151000,6,6,3,6,1556,716,1980,RM,AllPub,Twnhs
600,275000,8,5,3,8,1904,1058,2005,RL,AllPub,1Fam
601,141000,6,6,3,6,1375,780,1937,RM,AllPub,1Fam
602,220000,8,5,3,8,1915,908,1992,RL,AllPub,1Fam
603,151000,7,5,2,4,1200,600,2004,FV,AllPub,TwnhsE
604,221000,7,5,3,6,1494,1494,2002,RL,AllPub,1Fam
605,205000,7,6,3,7,1986,768,1965,RL,AllPub,1Fam
606,152000,5,5,3,6,1040,1040,1996,RL,AllPub,1Fam
607,225000,5,8,3,8,2008,896,1948,RL,AllPub,1Fam
608,359100,8,6,4,10,3194,965,1934,RL,AllPub,1Fam
609,118500,4,5,3,5,1029,1029,1961,RL,AllPub,1Fam
610,313000,9,5,3,8,2153,1440,2000,RL,AllPub,1Fam
611,148000,6,6,3,6,1032,1032,1978,RL,AllPub,1Fam
612,261500,8,5,3,7,1872,1299,2001,RL,AllPub,1Fam
613,147000,5,5,3,6,1120,1120,2007,RL,AllPub,1Fam
614,75500,4,6,1,3,630,630,1972,RM,AllPub,TwnhsE
615,137500,6,7,3,6,1054,936,1963,RL,AllPub,1Fam
616,183200,6,5,3,7,1509,783,2002,RL,AllPub,1Fam
617,105500,6,6,2,4,832,832,1954,RL,AllPub,1Fam
618,314813,9,5,3,9,1828,1822,2007,RL,AllPub,1Fam
619,305000,8,5,4,10,2262,1482,2003,RL,AllPub,1Fam
620,67000,3,3,2,5,864,864,1914,RL,AllPub,1Fam
621,240000,6,7,4,9,2614,1522,1974,RL,AllPub,1Fam
622,135000,5,6,3,6,980,980,1977,RL,AllPub,1Fam
623,168500,6,5,2,4,1512,756,2000,FV,AllPub,TwnhsE
624,165150,6,5,4,8,1790,732,1972,RL,AllPub,1Fam
625,160000,6,6,3,5,1116,1116,1962,RL,AllPub,1Fam
626,139900,5,5,3,6,1422,978,1960,RL,AllPub,1Fam
627,153000,6,6,3,7,1520,1156,1955,RL,AllPub,1Fam
628,135000,5,5,5,9,2080,1040,1969,RL,AllPub,1Fam
629,168500,6,5,3,6,1350,1248,1964,RL,AllPub,1Fam
630,124000,5,6,3,8,1750,636,1880,RM,AllPub,1Fam
631,209500,8,5,2,6,1554,1554,2006,RL,AllPub,Twnhs
632,82500,7,5,3,6,1411,1386,1977,RL,AllPub,1Fam
633,139400,5,7,3,6,1056,1056,1954,RL,AllPub,1Fam
634,144000,6,5,0,4,1056,1056,1980,RL,AllPub,Duplex
635,200000,6,7,8,14,3395,1440,1914,RH,AllPub,2fmCon
636,60000,2,3,1,4,800,264,1936,RM,AllPub,1Fam
637,93000,5,4,3,7,1387,811,1954,RM,AllPub,2fmCon
638,85000,5,7,2,4,796,796,1910,RL,AllPub,1Fam
639,264561,8,5,1,7,1567,1520,2006,RL,AllPub,TwnhsE
640,274000,8,5,1,6,1518,1518,2003,RL,AllPub,TwnhsE
641,226000,7,5,3,7,1929,1057,2001,FV,AllPub,1Fam
642,345000,8,7,4,9,2704,1952,1972,RL,AllPub,1Fam
643,152000,5,5,4,7,1620,780,1969,RL,AllPub,1Fam
644,370878,9,5,2,7,1766,1766,2009,FV,AllPub,1Fam
645,143250,6,5,3,5,981,981,1971,RL,AllPub,1Fam
646,98300,5,5,3,7,1048,0,1950,RL,AllPub,1Fam
647,155000,6,5,3,5,1094,1094,1953,RL,AllPub,1Fam
648,155000,6,5,4,7,1839,756,1966,RL,AllPub,1Fam
649,84500,4,6,1,3,630,630,1970,RM,AllPub,Twnhs
650,205950,7,6,3,7,1665,813,2007,FV,AllPub,1Fam
651,108000,4,5,4,7,1510,755,1940,RL,AllPub,1Fam
652,191000,7,5,2,7,1716,880,1996,RL,AllPub,1Fam
653,135000,6,7,3,7,1469,756,1906,RM,AllPub,1Fam
654,350000,8,6,2,7,2113,2109,1995,RL,AllPub,1Fam
655,88000,6,5,3,6,1092,525,1971,RM,AllPub,Twnhs
656,145500,5,7,3,5,1053,1053,1959,RL,AllPub,1Fam
657,149000,7,6,3,6,1502,776,1931,RL,AllPub,1Fam
658,97500,6,5,3,6,1458,912,1948,RL,AllPub,1Fam
659,167000,5,7,3,7,1486,1486,1964,RL,AllPub,1Fam
660,197900,7,7,3,7,1935,793,1976,RL,AllPub,1Fam
661,402000,8,7,4,8,2448,1629,1994,RL,AllPub,1Fam
662,110000,6,3,2,5,1392,1392,1968,RL,AllPub,1Fam
663,137500,4,5,3,6,1181,1138,1972,RL,AllPub,1Fam
664,423000,8,5,1,8,2097,2077,2005,RL,AllPub,1Fam
665,230500,8,5,3,7,1936,1406,2000,RL,AllPub,1Fam
666,129000,6,5,3,7,2380,1021,1965,RL,AllPub,1Fam
667,193500,6,5,3,7,1679,1408,1994,RL,AllPub,1Fam
668,168000,5,6,3,6,1437,1188,1956,RL,AllPub,1Fam
669,137500,4,5,2,5,1180,700,1922,RL,AllPub,1Fam
670,173500,6,5,3,7,1476,738,2005,RL,AllPub,1Fam
671,103600,6,6,3,6,1369,672,1925,RH,AllPub,1Fam
672,165000,6,6,3,6,1208,1208,1977,RL,AllPub,1Fam
673,257500,6,7,3,7,1839,1477,1957,RL,AllPub,1Fam
674,140000,6,6,3,5,1136,1136,1965,RL,AllPub,1Fam
675,148500,6,6,3,7,1441,855,1978,RL,AllPub,Twnhs
676,87000,4,2,4,8,1774,1095,1900,RM,AllPub,1Fam
677,109500,5,8,2,5,792,768,1924,RL,AllPub,1Fam
678,372500,8,5,3,7,2046,2046,2008,RL,AllPub,1Fam
679,128500,5,5,3,5,988,988,1961,RL,AllPub,1Fam
680,143000,6,5,2,5,923,923,1980,RL,AllPub,TwnhsE
681,159434,5,5,3,6,1520,793,1932,RH,AllPub,1Fam
682,173000,6,5,2,6,1291,1291,1996,RL,AllPub,1Fam
683,285000,9,5,3,7,1668,1626,2002,RL,AllPub,1Fam
684,221000,7,5,4,7,1839,1195,1998,RL,AllPub,1Fam
685,207500,7,5,3,6,2090,1190,1984,RL,AllPub,TwnhsE
686,227875,7,6,3,7,1761,874,2007,FV,AllPub,1Fam
687,148800,7,5,2,4,1102,551,2004,FV,AllPub,TwnhsE
688,392000,8,6,2,7,1419,1419,2007,RL,AllPub,1Fam
689,194700,6,5,2,6,1362,1362,2005,RL,AllPub,TwnhsE
690,141000,6,5,1,3,848,848,2004,RM,AllPub,TwnhsE
691,755000,10,6,4,10,4316,2444,1994,RL,AllPub,1Fam
692,335000,7,5,4,9,2519,1210,1989,RL,AllPub,1Fam
693,108480,5,6,2,4,1073,1073,1921,RL,AllPub,1Fam
694,141500,5,6,3,5,1539,927,1936,RM,AllPub,1Fam
695,176000,6,6,2,5,1137,1112,1987,RL,AllPub,1Fam
696,89000,5,7,2,4,616,616,1921,RM,AllPub,1Fam
697,123500,5,7,2,6,1148,980,1952,RL,AllPub,1Fam
698,138500,5,8,3,5,894,894,1965,RL,AllPub,1Fam
699,196000,7,5,2,5,1391,1391,2004,FV,AllPub,TwnhsE
700,312500,8,5,3,7,1800,1800,2002,RL,AllPub,1Fam
701,140000,7,5,3,6,1164,1164,1969,RL,AllPub,1Fam
702,361919,8,5,4,10,2576,1234,2006,RL,AllPub,1Fam
703,140000,5,9,4,8,1812,360,1900,RM,AllPub,2fmCon
704,213000,7,5,3,7,1484,1473,2004,RL,AllPub,1Fam
705,55000,4,5,3,7,1092,0,1930,RM,AllPub,2fmCon
706,302000,7,5,2,5,1824,1643,1971,RL,AllPub,1Fam
707,254000,8,5,2,6,1324,1324,2006,RL,AllPub,TwnhsE
708,179540,7,5,3,8,1456,728,2007,RL,AllPub,1Fam
709,109900,5,7,3,6,904,876,1966,RL,AllPub,1Fam
710,52000,3,6,2,5,729,270,1935,RL,AllPub,1Fam
711,102776,4,7,2,7,1178,859,1900,C (all),AllPub,1Fam
712,189000,8,5,2,5,1228,1228,1988,RL,AllPub,TwnhsE
713,129000,4,5,3,6,960,960,1970,RL,AllPub,2fmCon
714,130500,6,8,3,6,1479,725,1976,RL,AllPub,1Fam
715,165000,6,5,3,7,1350,1064,1974,RL,AllPub,1Fam
716,159500,7,8,3,8,2554,718,1890,RM,AllPub,1Fam
717,157000,5,6,3,5,1178,1176,1973,RL,AllPub,1Fam
718,341000,7,5,3,9,2418,1311,1993,RL,AllPub,1Fam
719,128500,5,6,3,5,971,971,1969,RL,AllPub,1Fam
720,275000,8,5,2,5,1742,1742,1985,RL,AllPub,1Fam
721,143000,6,5,1,3,848,848,2004,RM,AllPub,TwnhsE
722,124500,4,7,3,5,864,864,1970,RL,AllPub,1Fam
723,135000,4,6,4,7,1470,941,1954,RL,AllPub,1Fam
724,320000,9,5,3,8,1698,1698,2007,RL,AllPub,1Fam
725,120500,4,6,3,5,864,864,1970,RL,AllPub,1Fam
726,222000,6,9,3,5,1680,880,1988,RL,AllPub,1Fam
727,194500,7,5,2,6,1232,1232,2007,RL,AllPub,1Fam
728,110000,5,5,4,9,1776,1584,1958,RL,AllPub,Duplex
729,103000,4,5,2,5,1208,780,1925,RM,AllPub,1Fam
730,236500,8,5,2,5,1616,1595,1995,RL,AllPub,TwnhsE
731,187500,7,5,3,6,1146,868,2003,RL,AllPub,1Fam
732,222500,7,5,3,8,2031,1153,1998,RL,AllPub,1Fam
733,131400,5,6,3,6,1144,864,1961,RL,AllPub,1Fam
734,108000,5,5,3,6,948,948,1968,RL,AllPub,1Fam
735,163000,7,7,2,6,1768,880,1914,RM,AllPub,1Fam
736,93500,3,4,2,6,1040,0,1950,RL,AllPub,Duplex
737,239900,8,5,3,8,1801,893,2005,RL,AllPub,1Fam
738,179000,5,5,3,5,1200,1200,1987,RL,AllPub,Duplex
739,190000,7,5,3,7,1728,864,2004,RL,AllPub,1Fam
740,132000,5,7,2,7,1432,264,1910,RM,AllPub,1Fam
741,142000,6,8,3,5,912,912,1961,RL,AllPub,1Fam
742,179000,7,5,3,6,1349,1349,2000,RL,AllPub,1Fam
743,175000,5,6,3,6,1464,520,1963,RL,AllPub,1Fam
744,180000,8,5,2,5,1337,1337,1993,RL,AllPub,TwnhsE
745,299800,8,9,4,11,2715,1142,1976,RL,AllPub,1Fam
746,236000,7,5,4,8,2256,952,2000,RL,AllPub,1Fam
747,265979,7,7,4,8,2640,1240,1880,RM,AllPub,1Fam
748,260400,7,5,3,7,1720,1720,1996,RL,AllPub,1Fam
749,98000,4,3,4,9,1529,0,1945,RL,AllPub,1Fam
750,96500,4,7,3,7,1140,576,1910,RM,AllPub,1Fam
751,162000,7,5,3,6,1320,660,2003,RL,AllPub,1Fam
752,217000,6,5,3,6,1494,1479,1997,RL,AllPub,1Fam
753,275500,8,5,3,8,2098,1030,2005,RL,AllPub,1Fam
754,156000,6,8,3,5,1026,1026,1969,RL,AllPub,1Fam
755,172500,6,5,3,6,1471,729,1999,FV,AllPub,TwnhsE
756,212000,8,5,3,7,1768,866,2007,RL,AllPub,1Fam
757,158900,6,5,3,6,1386,672,1978,RL,AllPub,1Fam
758,179400,7,5,3,6,1501,744,1999,FV,AllPub,Twnhs
759,290000,8,5,4,9,2531,1318,1995,RL,AllPub,1Fam
760,127500,6,6,2,5,864,864,1959,RL,AllPub,1Fam
761,100000,5,5,2,5,1301,1145,1924,RM,AllPub,1Fam
762,215200,7,5,3,7,1547,756,2009,FV,AllPub,1Fam
763,337000,8,5,3,8,2365,1252,1999,RL,AllPub,1Fam
764,270000,8,5,2,6,1494,1494,1995,RL,AllPub,TwnhsE
765,264132,9,5,2,6,1506,1498,2008,RL,AllPub,1Fam
766,196500,7,5,3,7,1714,980,1988,RL,AllPub,1Fam
767,160000,6,7,4,7,1750,983,1940,RL,AllPub,1Fam
768,216837,7,5,3,8,1836,1860,2004,RL,AllPub,1Fam
769,538000,8,5,4,12,3279,1650,2003,RL,AllPub,1Fam
770,134900,5,5,2,5,858,858,1982,RL,AllPub,1Fam
771,102000,4,5,2,6,1220,836,1951,RL,AllPub,1Fam
772,107000,6,5,3,6,1117,1029,1976,RL,AllPub,1Fam
773,114500,5,5,2,5,912,912,1958,RL,AllPub,1Fam
774,395000,8,5,3,9,1973,1935,2006,RL,AllPub,1Fam
775,162000,6,5,2,5,1204,1204,1998,RM,AllPub,TwnhsE
776,221500,7,5,3,7,1614,1614,2005,RL,AllPub,1Fam
777,142500,5,5,3,5,894,864,1974,RL,AllPub,1Fam
778,144000,5,5,4,10,2020,0,1977,RH,AllPub,Duplex
779,135000,6,5,2,4,1004,975,1977,RL,AllPub,Duplex
780,176000,7,5,3,6,1253,1237,1995,RL,AllPub,1Fam
781,175900,6,5,3,7,1603,761,1992,RL,AllPub,1Fam
782,187100,7,5,3,6,1430,1413,2001,RL,AllPub,1Fam
783,165500,5,6,1,4,1110,1097,1978,RL,AllPub,1Fam
784,128000,6,6,3,9,1484,742,1914,RM,AllPub,1Fam
785,161500,6,5,3,7,1342,1372,1967,RL,AllPub,1Fam
786,139000,5,6,4,7,1652,686,1915,RM,AllPub,1Fam
787,233000,7,5,4,8,2084,956,2004,RL,AllPub,1Fam
788,107900,4,7,2,4,901,901,1954,RM,AllPub,1Fam
789,187500,6,8,5,9,2087,832,1966,RL,AllPub,1Fam
790,160200,7,5,2,5,1145,1145,2005,RL,AllPub,TwnhsE
791,146800,6,5,3,5,1062,1029,1976,RL,AllPub,1Fam
792,269790,7,5,3,8,2013,1117,1996,RL,AllPub,1Fam
793,225000,8,5,3,7,1496,1496,2007,RL,AllPub,1Fam
794,194500,7,5,3,7,1895,712,1994,RL,AllPub,1Fam
795,171000,6,6,3,7,1564,650,1980,RL,AllPub,1Fam
796,143500,6,5,3,7,1285,660,1977,RL,AllPub,1Fam
797,110000,5,5,2,4,773,773,1953,RL,AllPub,1Fam
798,485000,9,5,4,11,3140,1926,2008,RL,AllPub,1Fam
799,175000,5,7,3,7,1768,731,1937,RL,AllPub,1Fam
800,200000,6,5,4,8,1688,616,1997,RL,AllPub,1Fam
801,109900,4,7,2,5,1196,1196,1916,RM,AllPub,1Fam
802,189000,7,5,3,7,1456,728,2005,RL,AllPub,1Fam
803,582933,9,5,4,12,2822,1734,2008,RL,AllPub,1Fam
804,118000,5,5,2,5,1128,936,1954,RL,AllPub,1Fam
805,227680,7,5,3,6,1428,1417,2008,RL,AllPub,1Fam
806,135500,5,5,3,6,980,980,1967,RL,AllPub,1Fam
807,223500,5,6,3,6,1576,1324,1923,RL,AllPub,1Fam
808,159950,5,5,3,6,1086,1024,1966,RL,AllPub,1Fam
809,106000,5,5,2,11,2138,849,1898,RM,AllPub,1Fam
810,181000,6,6,3,5,1309,1040,1974,RL,AllPub,1Fam
811,144500,6,5,1,4,848,848,2004,RM,AllPub,TwnhsE
812,55993,5,5,2,4,1044,540,1952,C (all),AllPub,1Fam
813,157900,6,6,4,7,1442,1442,1958,RL,AllPub,1Fam
814,116000,5,7,3,7,1250,686,1918,RL,AllPub,1Fam
815,224900,7,5,3,6,1661,1649,1998,RL,AllPub,1Fam
816,137000,5,6,2,4,1008,1008,1954,RL,AllPub,1Fam
817,271000,8,5,3,7,1689,1568,2002,RL,AllPub,1Fam
818,155000,6,7,3,6,1052,1010,1971,RL,AllPub,1Fam
819,224000,7,5,2,6,1358,1358,2009,RL,AllPub,TwnhsE
820,183000,7,5,3,6,1640,798,2003,RL,AllPub,1Fam
821,93000,4,4,2,4,936,936,1953,RM,AllPub,2fmCon
822,225000,7,5,3,7,1733,847,2003,RL,AllPub,1Fam
823,139500,6,7,3,7,1489,778,1940,RL,AllPub,1Fam
824,232600,8,5,3,7,1489,1489,2006,FV,AllPub,1Fam
825,385000,10,5,2,7,2084,2078,2007,RL,AllPub,1Fam
826,109500,5,6,2,5,784,784,1924,RM,AllPub,1Fam
827,189000,7,5,3,6,1434,1454,2001,RL,AllPub,1Fam
828,185000,5,5,3,7,2126,1013,1967,RL,AllPub,1Fam
829,147400,7,5,2,4,1223,600,2005,FV,AllPub,Twnhs
830,166000,6,5,3,6,1392,1392,1957,RL,AllPub,1Fam
831,151000,7,5,2,4,1200,600,2005,FV,AllPub,TwnhsE
832,237000,7,6,3,7,1829,941,2003,RL,AllPub,1Fam
833,167000,6,6,3,6,1516,1516,1964,RL,AllPub,1Fam
834,139950,5,6,3,6,1144,1144,1961,RL,AllPub,1Fam
835,128000,4,7,2,4,1067,1067,1950,RL,AllPub,1Fam
836,153500,5,6,2,5,1559,1559,1948,RM,AllPub,1Fam
837,100000,6,5,2,5,987,483,1973,RM,AllPub,Twnhs
838,144000,5,6,3,6,1099,1099,1995,RL,AllPub,1Fam
839,130500,5,6,3,6,1200,768,1946,RL,AllPub,1Fam
840,140000,6,8,4,7,1482,672,1925,RH,AllPub,1Fam
841,157500,5,8,3,8,1539,650,1904,RM,AllPub,1Fam
842,174900,6,7,3,6,1165,1127,1966,RL,AllPub,1Fam
843,141000,5,4,6,10,1800,1800,1961,RL,AllPub,Duplex
844,153900,5,8,4,7,1416,876,1915,RM,AllPub,1Fam
845,171000,5,5,3,6,1701,1390,1975,RL,AllPub,1Fam
846,213000,7,5,3,7,1775,740,1993,RL,AllPub,1Fam
847,133500,5,6,3,5,864,864,1972,RL,AllPub,1Fam
848,240000,6,8,5,10,2358,907,1908,RL,AllPub,1Fam
849,187000,6,7,3,7,1855,528,1976,RL,AllPub,1Fam
850,131500,6,5,1,3,848,848,2003,RM,AllPub,TwnhsE
851,215000,8,5,2,7,1456,1273,2003,RL,AllPub,TwnhsE
852,164000,7,5,4,7,1646,918,1941,RL,AllPub,1Fam
853,158000,6,6,3,7,1445,1127,1964,RL,AllPub,1Fam
854,170000,5,4,3,6,1779,1763,1955,RL,AllPub,1Fam
855,127000,5,8,3,6,1040,1040,1962,RL,AllPub,1Fam
856,147000,6,6,3,5,1026,940,1978,RL,AllPub,1Fam
857,174000,6,5,3,6,1481,702,1994,RL,AllPub,1Fam
858,152000,7,5,3,6,1370,1090,1976,RL,AllPub,1Fam
859,250000,6,7,4,9,2654,1054,1968,RL,AllPub,1Fam
860,189950,7,8,3,7,1426,912,1918,RL,AllPub,1Fam
861,131500,5,4,3,6,1039,1039,1965,RL,AllPub,2fmCon
862,152000,6,5,3,6,1097,1040,1984,RL,AllPub,1Fam
863,132500,5,5,3,6,1148,1148,1959,RL,AllPub,1Fam
864,250580,7,5,3,6,1372,1372,2007,FV,AllPub,1Fam
865,148500,5,6,3,5,1002,1002,1970,RL,AllPub,1Fam
866,248900,8,5,3,6,1646,1638,2006,RL,AllPub,1Fam
867,129000,4,5,3,5,1120,1040,1961,RL,AllPub,1Fam
868,169000,5,6,2,7,2320,0,1948,RL,AllPub,1Fam
869,236000,7,5,3,8,1949,1050,1993,RL,AllPub,1Fam
870,109500,5,5,2,5,894,894,1962,RL,AllPub,1Fam
871,200500,6,5,3,7,1682,804,1998,RL,AllPub,1Fam
872,116000,5,7,3,5,910,105,1953,RL,AllPub,1Fam
873,133000,5,7,3,6,1268,832,1949,RL,AllPub,1Fam
874,66500,5,6,3,5,1131,676,1941,RM,AllPub,1Fam
875,303477,8,5,4,11,2610,1184,2007,FV,AllPub,1Fam
876,132250,4,5,3,5,1040,1064,1963,RL,AllPub,1Fam
877,350000,9,5,4,10,2224,1462,2004,RL,AllPub,1Fam
878,148000,5,7,3,6,1155,1109,1961,RL,AllPub,1Fam
879,136500,5,8,3,6,864,864,1978,RL,AllPub,1Fam
880,157000,5,5,2,5,1090,1090,2005,RL,AllPub,1Fam
881,187500,7,5,3,7,1717,1156,1990,RL,AllPub,1Fam
882,178000,6,5,3,7,1593,808,1992,RL,AllPub,1Fam
883,118500,4,5,5,10,2230,795,1912,RL,AllPub,1Fam
884,100000,5,5,3,5,892,892,1967,RL,AllPub,1Fam
885,328900,9,5,2,5,1709,1698,1999,FV,AllPub,TwnhsE
886,145000,5,5,4,8,1712,1626,1959,RL,AllPub,Duplex
887,135500,5,7,3,8,1393,816,1955,RL,AllPub,1Fam
888,268000,8,6,4,8,2217,2217,1970,RL,AllPub,1Fam
889,149500,6,4,2,6,1505,1505,1953,RL,AllPub,1Fam
890,122900,5,7,3,6,924,672,1949,RL,AllPub,1Fam
891,172500,6,5,3,7,1683,918,1978,RL,AllPub,1Fam
892,154500,6,8,3,6,1068,1059,1963,RL,AllPub,1Fam
893,165000,5,5,3,6,1383,1383,1954,RL,AllPub,1Fam
894,118858,5,5,4,8,1535,0,1979,RL,AllPub,Duplex
895,140000,6,5,4,8,1796,780,1963,RL,AllPub,1Fam
896,106500,4,6,2,6,951,951,1936,RM,AllPub,1Fam
897,142953,5,5,6,12,2240,0,1979,RL,AllPub,Duplex
898,611657,9,5,2,11,2364,2330,2009,RL,AllPub,1Fam
899,135000,5,7,3,6,1236,912,1961,RL,AllPub,1Fam
900,110000,4,6,2,4,858,858,1971,RL,AllPub,1Fam
901,153000,5,7,2,5,1306,992,1957,RL,AllPub,1Fam
902,180000,7,5,3,8,1509,783,2003,RL,AllPub,1Fam
903,240000,7,5,3,7,1670,1670,2006,RL,AllPub,1Fam
904,125500,5,6,3,6,902,876,1967,RL,AllPub,1Fam
905,128000,5,5,3,6,1063,1056,1954,RL,AllPub,1Fam
906,255000,8,5,3,8,1636,1623,2006,RL,AllPub,1Fam
907,250000,7,7,3,6,2057,1017,1936,RL,AllPub,1Fam
908,131000,5,5,2,5,902,864,1983,RL,AllPub,1Fam
909,174000,6,5,3,8,1484,742,2005,RL,AllPub,1Fam
910,154300,5,5,5,12,2274,1105,1960,RL,AllPub,Duplex
911,143500,5,7,3,5,1268,1268,1977,RL,AllPub,1Fam
912,88000,5,7,3,6,1015,768,1925,RM,AllPub,1Fam
913,145000,5,6,4,8,2002,1001,1949,RH,AllPub,Duplex
914,173733,6,5,2,4,1224,612,2009,FV,AllPub,TwnhsE
915,75000,4,5,3,6,1092,546,1970,RM,AllPub,Twnhs
916,35311,2,3,1,4,480,480,1949,C (all),AllPub,1Fam
917,135000,4,6,3,6,1229,1134,1956,RL,AllPub,1Fam
918,238000,7,5,4,8,2127,1104,1991,RL,AllPub,1Fam
919,176500,6,8,3,6,1414,1184,1958,RL,AllPub,1Fam
920,201000,6,5,3,7,1721,928,1994,RL,AllPub,1Fam
921,145900,5,7,4,9,2200,1272,1900,RL,AllPub,Duplex
922,169990,6,5,3,6,1316,1316,2005,RL,AllPub,1Fam
923,193000,6,5,2,5,1617,1604,1993,RL,AllPub,TwnhsE
924,207500,6,6,3,7,1686,1686,1980,RL,AllPub,1Fam
925,175000,5,6,3,6,1126,1126,1977,RL,AllPub,1Fam
926,285000,8,5,4,10,2374,1181,2003,RL,AllPub,1Fam
927,176000,7,5,4,9,1978,832,1968,RL,AllPub,1Fam
928,236500,8,5,3,7,1788,1753,2001,RL,AllPub,1Fam
929,222000,7,5,4,8,2236,964,1997,RL,AllPub,1Fam
930,201000,8,5,3,7,1466,1466,2007,RL,AllPub,1Fam
931,117500,5,6,2,5,925,925,1965,RL,AllPub,1Fam
932,320000,9,5,3,8,1905,1905,2006,RL,AllPub,1Fam
933,190000,7,5,3,6,1500,1500,2004,RL,AllPub,1Fam
934,242000,7,7,4,9,2069,585,1960,RL,AllPub,1Fam
935,79900,4,5,1,5,747,600,1926,RL,AllPub,1Fam
936,184900,7,5,2,5,1200,1176,2003,RL,AllPub,1Fam
937,253000,7,5,3,8,1971,1113,2005,RL,AllPub,1Fam
938,239799,7,5,3,7,1962,1391,2006,RL,AllPub,1Fam
939,244400,7,7,4,10,2403,1032,1940,RL,AllPub,1Fam
940,150900,6,5,4,8,1728,1728,1976,RL,AllPub,Duplex
941,214000,7,5,3,8,2060,992,1999,RL,AllPub,1Fam
942,150000,4,3,4,8,1440,1440,1977,RL,AllPub,Duplex
943,143000,5,4,4,8,1632,1632,1967,RL,AllPub,Duplex
944,137500,6,6,3,7,1344,819,1958,RL,NoSeWa,1Fam
945,124900,5,6,2,7,1869,1088,1890,RM,AllPub,1Fam
946,143000,5,6,3,6,1144,1144,1959,RL,AllPub,1Fam
947,270000,8,5,3,9,1629,1616,2002,RL,AllPub,1Fam
948,192500,7,5,3,7,1776,936,2002,RL,AllPub,1Fam
949,197500,6,7,3,5,1381,1161,1972,RL,AllPub,1Fam
950,129000,5,8,3,5,864,864,1950,RL,AllPub,1Fam
951,119900,5,5,3,6,965,828,1965,RH,AllPub,1Fam
952,133900,5,8,2,5,768,768,1972,RL,AllPub,1Fam
953,172000,5,4,4,7,1968,784,1969,RL,AllPub,1Fam
954,127500,6,5,4,4,980,945,1975,RL,AllPub,Duplex
955,145000,6,6,4,8,1958,979,1946,RH,AllPub,Duplex
956,124000,6,6,2,5,1229,561,1980,RM,AllPub,TwnhsE
957,132000,5,5,3,6,1057,1057,1962,RL,AllPub,1Fam
958,185000,7,5,3,6,1337,1337,2003,RL,AllPub,1Fam
959,155000,7,5,3,6,1416,696,1999,FV,AllPub,Twnhs
960,116500,5,7,2,4,858,858,1958,RL,AllPub,1Fam
961,272000,6,7,4,11,2872,1330,1977,RL,AllPub,1Fam
962,155000,6,6,3,7,1548,804,1976,RL,AllPub,TwnhsE
963,239000,9,5,2,7,1800,1800,2007,RL,AllPub,1Fam
964,214900,7,5,4,8,1894,817,2002,RL,AllPub,1Fam
965,178900,6,5,3,8,1484,783,2005,RL,AllPub,1Fam
966,160000,5,7,2,7,1308,728,1940,RL,AllPub,1Fam
967,135000,5,7,3,6,1098,1098,1955,RL,AllPub,1Fam
968,37900,3,6,2,6,968,600,1910,RM,AllPub,1Fam
969,140000,6,5,2,6,1095,588,1958,RL,AllPub,2fmCon
970,135000,4,4,4,6,1192,720,1949,RL,AllPub,1Fam
971,173000,7,5,2,6,1626,764,2003,RL,AllPub,Twnhs
972,99500,6,5,2,5,918,918,1979,RL,AllPub,TwnhsE
973,182000,7,5,3,6,1428,1428,2007,FV,AllPub,1Fam
974,167500,7,8,3,8,2019,728,1910,RL,AllPub,1Fam
975,165000,7,5,3,6,1382,673,2000,FV,AllPub,Twnhs
976,85500,4,7,2,4,869,440,1923,RL,AllPub,1Fam
977,199900,7,5,1,4,1241,1241,2006,FV,AllPub,TwnhsE
978,110000,4,5,3,5,894,894,1954,RL,AllPub,1Fam
979,139000,5,6,3,5,1121,1121,1963,RL,AllPub,1Fam
980,178400,7,9,3,6,999,944,1961,RL,AllPub,1Fam
981,336000,8,5,4,8,2612,1225,1998,RL,AllPub,1Fam
982,159895,7,5,2,6,1266,1266,2007,RL,AllPub,1Fam
983,255900,8,5,4,9,2290,1128,2002,RL,AllPub,1Fam
984,126000,5,5,4,8,1734,0,1977,RL,AllPub,Duplex
985,125000,5,5,3,5,1164,1164,1950,RL,AllPub,2fmCon
986,117000,6,8,2,5,1635,485,1910,RM,AllPub,1Fam
987,395192,9,5,3,8,1940,1930,2009,RL,AllPub,1Fam
988,195000,6,6,4,8,2030,848,1976,RL,AllPub,1Fam
989,197000,7,5,3,6,1576,770,2006,FV,AllPub,1Fam
990,348000,8,5,3,7,2392,1396,1997,RL,AllPub,1Fam
991,168000,8,9,4,8,1742,916,1882,RM,AllPub,1Fam
992,187000,6,8,3,7,1851,822,1964,RL,AllPub,1Fam
993,173900,6,5,3,6,1500,750,2005,RL,AllPub,1Fam
994,337500,10,5,3,7,1718,1700,2006,RL,AllPub,1Fam
995,121600,4,7,3,5,1230,747,1946,RL,AllPub,1Fam
996,136500,5,6,3,6,1050,1050,1961,RL,AllPub,1Fam
997,185000,6,6,2,6,1442,1442,1970,RL,AllPub,1Fam
998,91000,3,4,3,6,1077,1007,1922,RM,AllPub,1Fam
999,206000,7,5,2,6,1208,1187,2006,RL,AllPub,1Fam
1000,82000,3,3,2,4,944,0,1952,RL,AllPub,1Fam
1001,86000,5,6,2,4,691,691,1920,RL,AllPub,1Fam
1002,232000,8,5,3,7,1574,1574,2006,RL,AllPub,1Fam
1003,136905,5,6,4,8,1680,1680,1976,RL,AllPub,Duplex
1004,181000,7,5,1,7,1504,1346,2005,RL,AllPub,TwnhsE
1005,149900,5,8,3,6,985,985,1977,RL,AllPub,1Fam
1006,163500,6,3,3,7,1657,1657,1970,RL,AllPub,1Fam
1007,88000,4,4,3,6,1092,546,1970,RM,AllPub,TwnhsE
1008,240000,7,5,3,7,1710,1710,2004,RL,AllPub,1Fam
1009,102000,5,5,4,7,1522,1008,1926,RL,AllPub,1Fam
1010,135000,5,5,4,7,1271,720,1948,RL,AllPub,1Fam
1011,100000,5,5,4,8,1664,0,1965,RL,AllPub,Duplex
1012,165000,6,7,3,7,1502,602,1923,RL,AllPub,1Fam
1013,85000,5,4,2,4,1022,1022,1910,RM,AllPub,1Fam
1014,119200,6,5,2,5,1082,1082,1948,RL,AllPub,1Fam
1015,227000,8,6,3,6,1665,810,2001,RL,AllPub,1Fam
1016,203000,7,5,3,6,1504,1504,1996,RL,AllPub,1Fam
1017,187500,8,5,1,4,1360,1220,1984,RL,AllPub,TwnhsE
1018,160000,7,5,3,7,1472,384,1991,RL,AllPub,1Fam
1019,213490,7,5,2,6,1506,1362,2005,RL,AllPub,TwnhsE
1020,176000,4,5,2,5,1132,1132,2005,RL,AllPub,1Fam
1021,194000,7,5,2,6,1220,1199,2006,RL,AllPub,1Fam
1022,87000,5,5,2,6,1248,912,1930,RM,AllPub,1Fam
1023,191000,7,5,2,7,1504,1346,2005,RL,AllPub,TwnhsE
1024,287000,8,6,2,10,2898,1565,1976,RL,AllPub,1Fam
1025,112500,5,5,3,5,882,882,1972,RL,AllPub,1Fam
1026,167500,5,5,3,6,1264,1268,1960,RL,AllPub,1Fam
1027,293077,8,5,3,7,1646,1638,2007,RL,AllPub,1Fam
1028,105000,5,5,3,6,1376,768,1941,RL,AllPub,1Fam
1029,118000,6,7,3,7,1218,672,1972,RM,AllPub,Twnhs
1030,160000,5,8,5,10,1928,686,1916,RH,AllPub,2fmCon
1031,197000,7,3,5,12,3082,824,1920,RL,AllPub,1Fam
1032,310000,8,7,5,10,2520,1338,1993,RL,AllPub,1Fam
1033,230000,7,5,3,6,1654,1654,2002,RL,AllPub,1Fam
1034,119750,5,7,2,5,954,920,1938,RL,AllPub,1Fam
1035,84000,4,3,3,5,845,0,1957,RL,AllPub,1Fam
1036,315500,9,5,2,6,1620,1620,2007,RL,AllPub,1Fam
1037,287000,8,5,3,7,2263,1055,2001,RL,AllPub,1Fam
1038,97000,4,6,3,6,1344,546,1970,RM,AllPub,Twnhs
1039,80000,4,4,1,3,630,630,1970,RM,AllPub,TwnhsE
1040,155000,5,4,3,8,1803,1134,1957,RL,AllPub,1Fam
1041,173000,6,8,4,7,1632,800,1966,RL,AllPub,1Fam
1042,196000,6,5,1,5,1306,1306,2005,RL,AllPub,Twnhs
1043,262280,7,5,4,10,2329,1475,1990,RL,AllPub,1Fam
1044,278000,8,5,4,9,2524,2524,1981,RL,AllPub,1Fam
1045,139600,3,5,4,8,1733,0,1955,RL,AllPub,1Fam
1046,556581,9,5,4,11,2868,1992,2005,RL,AllPub,1Fam
1047,145000,5,5,3,5,990,990,1994,RL,AllPub,1Fam
1048,115000,5,4,3,9,1771,0,1960,RL,AllPub,1Fam
1049,84900,4,7,2,6,930,0,1946,RL,AllPub,1Fam
1050,176485,7,5,3,6,1302,1302,2007,RL,AllPub,1Fam
1051,200141,7,5,3,6,1316,1316,2007,RL,AllPub,1Fam
1052,165000,6,6,4,9,1977,816,1964,RL,AllPub,1Fam
1053,144500,5,6,4,7,1526,1216,1957,RL,AllPub,1Fam
1054,255000,8,5,3,7,1989,1065,2002,RL,AllPub,1Fam
1055,180000,6,5,3,7,1523,1193,1976,RL,AllPub,1Fam
1056,185850,7,5,2,6,1364,1364,2005,RL,AllPub,TwnhsE
1057,248000,7,6,3,7,1850,973,1994,RL,AllPub,1Fam
1058,335000,9,5,3,10,2184,1104,2008,RL,AllPub,1Fam
1059,220000,6,7,3,7,1991,854,1932,RL,AllPub,1Fam
1060,213500,8,5,2,6,1338,1338,2001,RL,AllPub,TwnhsE
1061,81000,3,4,2,6,894,894,1935,C (all),AllPub,1Fam
1062,90000,5,5,5,10,2337,662,1900,RM,AllPub,2fmCon
1063,110500,6,6,2,5,1103,1103,1925,RM,AllPub,1Fam
1064,154000,5,6,3,6,1154,1154,1966,RL,AllPub,1Fam
1065,328000,7,5,3,7,2260,1306,1996,RL,AllPub,1Fam
1066,178000,6,7,3,7,1571,799,1993,RL,AllPub,1Fam
1067,167900,6,6,4,7,1611,780,1964,RL,AllPub,1Fam
1068,151400,6,4,5,10,2521,942,1973,RM,AllPub,TwnhsE
1069,135000,5,7,2,4,893,845,1949,RL,AllPub,1Fam
1070,135000,5,5,3,6,1048,1048,1956,RL,AllPub,1Fam
1071,154000,6,6,4,8,1556,727,1968,RL,AllPub,1Fam
1072,91500,5,3,4,7,1456,810,1948,RL,AllPub,1Fam
1073,159500,6,6,3,6,1426,690,1977,RL,AllPub,1Fam
1074,194000,7,5,2,5,1240,1240,2006,RL,AllPub,1Fam
1075,219500,7,6,3,6,1740,800,1940,RL,AllPub,1Fam
1076,170000,5,8,3,7,1466,796,1936,RL,AllPub,1Fam
1077,138800,5,5,3,6,1096,1096,1969,RL,AllPub,1Fam
1078,155900,6,5,1,3,848,848,2004,RM,AllPub,TwnhsE
1079,126000,5,5,3,5,990,990,1994,RL,AllPub,1Fam
1080,145000,6,7,3,5,1258,1258,1971,RL,AllPub,1Fam
1081,133000,5,5,3,5,1040,1040,1963,RL,AllPub,1Fam
1082,192000,7,5,3,6,1459,1459,2002,RL,AllPub,1Fam
1083,160000,6,6,3,6,1251,1251,1964,RL,AllPub,1Fam
1084,187500,6,5,3,6,1498,691,1995,RL,AllPub,1Fam
1085,147000,6,6,2,5,996,936,1992,RL,AllPub,1Fam
1086,83500,4,5,3,6,1092,546,1973,RM,AllPub,TwnhsE
1087,252000,8,5,3,9,1953,1082,2005,FV,AllPub,1Fam
1088,137500,7,5,3,7,1709,970,2004,RM,AllPub,Twnhs
1089,197000,8,5,1,4,1247,1247,2005,FV,AllPub,TwnhsE
1090,92900,3,4,2,6,1040,0,1950,RL,AllPub,Duplex
1091,160000,7,5,2,4,1252,600,1999,FV,AllPub,Twnhs
1092,136500,6,5,4,7,1694,1181,1925,RL,AllPub,1Fam
1093,146000,5,8,1,6,1200,864,1965,RL,AllPub,1Fam
1094,129000,5,7,2,4,936,936,1956,RL,AllPub,1Fam
1095,176432,6,5,3,6,1314,1314,2006,RL,AllPub,1Fam
1096,127000,6,7,3,7,1355,684,1914,RM,AllPub,1Fam
1097,170000,8,5,2,5,1088,1074,1986,RL,AllPub,TwnhsE
1098,128000,4,6,3,6,1324,672,1936,RM,AllPub,1Fam
1099,157000,7,5,3,7,1601,1271,1978,RL,AllPub,1Fam
1100,60000,2,5,1,3,438,290,1920,RL,AllPub,1Fam
1101,119500,5,5,3,5,950,950,1971,RL,AllPub,1Fam
1102,135000,5,7,2,6,1134,1010,1960,RL,AllPub,1Fam
1103,159500,6,6,3,6,1194,655,1959,RL,AllPub,1Fam
1104,106000,5,5,3,6,1302,630,1970,RM,AllPub,TwnhsE
1105,325000,8,5,3,9,2622,1463,1994,RL,AllPub,1Fam
1106,179900,7,5,3,6,1442,910,1990,RL,AllPub,1Fam
1107,274725,7,5,3,9,2021,868,2006,RL,AllPub,1Fam
1108,181000,6,5,3,7,1690,924,2000,RL,AllPub,1Fam
1109,280000,8,5,3,7,1836,1836,2004,RL,AllPub,1Fam
1110,188000,6,5,3,8,1658,773,1995,RL,AllPub,1Fam
1111,205000,7,6,4,8,1964,803,1976,RL,AllPub,1Fam
1112,129900,5,7,2,5,816,816,1957,RL,AllPub,1Fam
1113,134500,5,7,2,6,1008,1008,1953,RL,AllPub,1Fam
1114,117000,5,7,2,4,833,833,1954,RL,AllPub,1Fam
1115,318000,8,5,3,7,1734,1734,2007,RL,AllPub,1Fam
1116,184100,8,5,3,7,1419,408,2002,RL,AllPub,1Fam
1117,130000,5,7,3,5,894,894,1967,RL,AllPub,1Fam
1118,140000,5,6,3,6,1601,533,1958,RL,AllPub,1Fam
1119,133700,5,5,3,6,1040,1040,1959,RL,AllPub,1Fam
1120,118400,6,5,2,6,1012,1012,1920,RM,AllPub,1Fam
1121,212900,7,5,3,7,1552,1552,2005,RL,AllPub,1Fam
1122,112000,4,3,3,5,960,672,1956,RL,AllPub,1Fam
1123,118000,5,9,2,4,698,698,1947,RL,AllPub,1Fam
1124,163900,7,5,3,7,1482,384,1992,RL,AllPub,1Fam
1125,115000,4,5,2,5,1005,1005,1955,RL,AllPub,1Fam
1126,174000,7,5,2,7,1555,1373,2007,RL,AllPub,TwnhsE
1127,259000,7,5,3,7,1530,1530,2004,RL,AllPub,1Fam
1128,215000,7,5,4,8,1959,847,2004,RL,AllPub,1Fam
1129,140000,5,5,2,4,936,936,1980,RM,AllPub,Duplex
1130,135000,4,3,4,7,1981,1122,1928,RL,AllPub,1Fam
1131,93500,5,5,3,5,974,974,1991,RL,AllPub,1Fam
1132,117500,6,4,5,8,2210,1008,1880,RM,AllPub,1Fam
1133,239500,8,5,3,8,2020,1128,1995,RL,AllPub,1Fam
1134,169000,6,5,3,7,1600,916,1997,RL,AllPub,1Fam
1135,102000,6,5,2,5,986,960,1926,RM,AllPub,1Fam
1136,119000,6,5,3,6,1252,1032,1950,RL,AllPub,1Fam
1137,94000,5,8,2,6,1020,780,1875,RL,AllPub,1Fam
1138,196000,6,5,2,5,1567,1567,1977,RL,AllPub,1Fam
1139,144000,5,5,3,6,1167,915,1920,RL,AllPub,1Fam
1140,139000,5,7,2,4,952,952,1951,RL,AllPub,1Fam
1141,197500,5,7,4,9,1868,780,1976,RL,AllPub,1Fam
1142,424870,8,5,4,11,2828,1466,2006,RL,AllPub,1Fam
1143,80000,5,3,3,5,1006,1006,1959,RL,AllPub,1Fam
1144,80000,4,4,2,5,924,672,1941,RL,AllPub,2fmCon
1145,149000,5,6,3,8,1576,1042,1928,RM,AllPub,1Fam
1146,180000,6,5,3,5,1298,1298,1985,RL,AllPub,1Fam
1147,174500,7,7,3,7,1564,704,1941,RL,AllPub,1Fam
1148,116900,7,7,2,5,1111,572,1926,RM,AllPub,1Fam
1149,143000,7,9,3,7,1482,650,1920,RM,AllPub,1Fam
1150,124000,6,5,2,4,932,932,1950,RL,AllPub,1Fam
1151,149900,5,4,3,6,1466,1466,1959,RL,AllPub,1Fam
1152,230000,6,7,2,6,1811,1073,1956,RL,AllPub,1Fam
1153,120500,6,8,2,5,816,816,1930,RM,AllPub,1Fam
1154,201800,7,6,4,8,1820,864,1965,RL,AllPub,1Fam
1155,218000,5,8,3,6,1437,1437,1976,RL,AllPub,1Fam
1156,179900,5,8,3,6,1265,1219,1965,RL,AllPub,1Fam
1157,230000,7,5,2,6,1314,1314,2007,RL,AllPub,Twnhs
1158,235128,8,5,3,7,1580,1580,2007,RL,AllPub,1Fam
1159,185000,6,6,4,8,1876,901,1974,RL,AllPub,1Fam
1160,146000,6,5,3,7,1456,855,1978,RL,AllPub,Twnhs
1161,224000,6,7,3,7,1640,1296,1954,RL,AllPub,1Fam
1162,129000,5,5,3,5,894,894,1968,RL,AllPub,1Fam
1163,108959,4,4,0,6,1258,1198,1969,RL,AllPub,Duplex
1164,194000,5,7,2,5,1432,1360,1978,RL,AllPub,1Fam
1165,233170,7,5,3,7,1502,1502,2009,RL,AllPub,1Fam
1166,245350,8,5,3,7,1694,1694,2008,RL,AllPub,1Fam
1167,173000,6,5,3,7,1671,959,2000,RL,AllPub,1Fam
1168,235000,6,7,4,7,2108,1127,1935,RL,AllPub,1Fam
1169,625000,10,5,4,10,3627,1930,1995,RL,AllPub,1Fam
1170,171000,6,6,3,6,1118,1096,1977,RL,AllPub,1Fam
1171,163000,6,6,3,6,1261,1261,1958,RL,AllPub,1Fam
1172,171900,7,5,2,5,1250,625,2006,FV,AllPub,TwnhsE
1173,200500,5,6,3,12,3086,1598,1946,RL,AllPub,1Fam
1174,239000,6,8,4,9,2345,952,1932,RL,AllPub,1Fam
1175,285000,8,5,4,9,2872,1683,1992,RL,AllPub,1Fam
1176,119500,5,5,3,5,923,876,1984,RL,AllPub,1Fam
1177,115000,6,8,3,5,1224,818,1926,RM,AllPub,1Fam
1178,154900,5,6,3,7,1343,731,1921,RL,AllPub,1Fam
1179,93000,5,5,3,5,1124,0,1954,RL,AllPub,1Fam
1180,250000,7,5,4,8,2514,1216,1990,RL,AllPub,1Fam
1181,392500,8,5,2,5,1652,1600,2008,RM,AllPub,TwnhsE
1182,745000,10,5,4,10,4476,2396,1996,RL,AllPub,1Fam
1183,120000,5,6,2,5,1130,1120,1920,RL,AllPub,1Fam
1184,186700,5,4,3,5,1572,1572,1963,RL,AllPub,1Fam
1185,104900,5,7,4,7,1221,784,1924,RL,AllPub,1Fam
1186,95000,3,5,3,7,1699,978,1900,RL,AllPub,2fmCon
1187,262000,8,5,2,5,1624,1624,1994,RL,AllPub,1Fam
1188,195000,7,5,3,7,1660,831,2002,RL,AllPub,1Fam
1189,189000,7,5,3,7,1804,994,1999,RL,AllPub,1Fam
1190,168000,4,4,3,7,1622,1249,1961,RL,AllPub,2fmCon
1191,174000,8,5,2,5,1441,776,1999,FV,AllPub,Twnhs
1192,125000,5,8,3,6,1472,702,1925,RM,AllPub,1Fam
1193,165000,6,5,2,5,1224,1224,1999,RM,AllPub,TwnhsE
1194,158000,6,7,4,7,1352,663,1969,RL,AllPub,1Fam
1195,176000,6,5,3,8,1456,728,2005,RL,AllPub,1Fam
1196,219210,7,5,4,9,1863,879,2006,RL,AllPub,1Fam
1197,144000,7,6,3,7,1690,815,1916,RM,AllPub,1Fam
1198,178000,7,5,3,6,1212,1212,2001,RL,AllPub,1Fam
1199,148000,4,5,3,6,1382,1051,1963,RL,AllPub,1Fam
1200,116050,4,5,3,5,864,864,1970,RL,AllPub,1Fam
1201,197900,7,5,3,6,1779,866,1998,RL,AllPub,1Fam
1202,117000,5,8,3,5,1348,884,1925,RM,AllPub,1Fam
1203,213000,7,5,3,6,1630,1630,2000,RL,AllPub,1Fam
1204,153500,5,6,3,6,1074,1056,1975,RL,AllPub,1Fam
1205,271900,7,7,3,7,2196,2158,1990,RL,AllPub,1Fam
1206,107000,4,4,2,5,1056,1056,1966,RH,AllPub,1Fam
1207,200000,6,5,3,7,1700,1682,2003,RL,AllPub,1Fam
1208,140000,5,7,3,6,1283,931,1962,RL,AllPub,1Fam
1209,290000,8,5,3,8,1660,1660,2006,RL,AllPub,1Fam
1210,189000,6,5,3,8,1845,1055,1992,RL,AllPub,1Fam
1211,164000,8,7,4,8,1752,559,1988,RL,AllPub,1Fam
1212,113000,4,6,2,4,672,672,1941,RL,AllPub,1Fam
1213,145000,4,9,0,3,960,648,1965,RL,AllPub,1Fam
1214,134500,5,5,3,6,999,925,1962,RL,AllPub,1Fam
1215,125000,5,5,3,5,894,894,1966,RL,AllPub,1Fam
1216,112000,6,5,4,8,1902,0,1978,RM,AllPub,Duplex
1217,229456,8,5,3,6,1314,1300,2009,FV,AllPub,1Fam
1218,80500,4,5,2,3,912,0,1947,RM,AllPub,1Fam
1219,91500,6,5,3,7,1218,672,1971,RM,AllPub,Twnhs
1220,115000,5,5,2,5,912,912,1964,RL,AllPub,1Fam
1221,134000,5,5,3,5,1211,952,1968,RL,AllPub,1Fam
1222,143000,6,6,3,7,1846,1040,1949,RL,AllPub,1Fam
1223,137900,5,3,4,7,2136,2136,1951,RL,AllPub,1Fam
1224,184000,7,5,3,8,1490,788,2004,RL,AllPub,1Fam
1225,145000,6,8,3,6,1138,588,1958,RL,AllPub,1Fam
1226,214000,6,5,4,9,1933,894,2007,RL,AllPub,1Fam
1227,147000,5,8,2,5,912,912,1965,RL,AllPub,1Fam
1228,367294,9,5,1,7,1702,1702,2008,RL,AllPub,TwnhsE
1229,127000,5,5,4,7,1507,1075,1960,RL,AllPub,1Fam
1230,190000,5,5,4,12,2620,1361,1977,RL,AllPub,Duplex
1231,132500,5,6,3,6,1190,1106,1962,RL,AllPub,Duplex
1232,101800,4,5,2,6,1224,0,1962,RL,AllPub,Duplex
1233,142000,5,5,3,6,1188,1188,1959,RL,AllPub,1Fam
1234,130000,5,6,4,7,1964,940,1911,RH,AllPub,1Fam
1235,138887,5,5,4,9,1784,747,1914,RL,AllPub,1Fam
1236,175500,7,5,2,6,1626,764,2003,RL,AllPub,Twnhs
1237,195000,7,5,4,8,1948,847,2004,RL,AllPub,1Fam
1238,142500,6,5,3,6,1141,1141,2005,RL,AllPub,1Fam
1239,265900,8,5,2,6,1484,1476,2006,RL,AllPub,1Fam
1240,224900,7,5,3,8,1768,884,2003,RL,AllPub,1Fam
1241,248328,7,6,3,7,1689,1689,2007,RL,AllPub,1Fam
1242,170000,7,6,3,6,1173,1053,1974,RL,AllPub,1Fam
1243,465000,10,5,2,7,2076,2076,2006,RL,AllPub,1Fam
1244,230000,8,7,3,7,1517,792,1929,RL,AllPub,1Fam
1245,178000,6,7,3,7,1868,585,1984,RL,AllPub,1Fam
1246,186500,7,5,3,6,1553,756,2005,FV,AllPub,1Fam
1247,169900,6,5,3,6,1034,1012,1976,RL,AllPub,1Fam
1248,129500,6,5,3,8,2058,735,1917,RM,AllPub,1Fam
1249,119000,5,7,3,6,988,876,1950,RL,AllPub,1Fam
1250,244000,7,5,3,8,2110,2110,1968,RL,AllPub,1Fam
1251,171750,7,5,2,6,1405,1405,2003,RL,AllPub,TwnhsE
1252,130000,5,6,3,5,874,864,1968,RL,AllPub,1Fam
1253,294000,7,7,3,9,2167,1192,1974,RL,AllPub,1Fam
1254,165400,7,5,3,7,1656,746,2003,RL,AllPub,1Fam
1255,127500,6,6,3,6,1367,884,1931,RM,AllPub,1Fam
1256,301500,8,5,2,7,1987,1986,1994,RL,AllPub,1Fam
1257,99900,5,8,2,4,864,864,1922,RL,AllPub,1Fam
1258,190000,7,5,2,5,1166,856,2005,RL,AllPub,1Fam
1259,151000,6,8,3,6,1054,1054,1969,RL,AllPub,1Fam
1260,181000,6,5,3,7,1675,841,1999,RL,AllPub,1Fam
1261,128900,5,6,2,5,1050,1050,1956,RL,AllPub,1Fam
1262,161500,4,5,5,8,1788,1104,1957,RL,AllPub,1Fam
1263,180500,6,6,3,8,1824,764,1919,RL,AllPub,1Fam
1264,181000,6,5,2,5,1337,1405,1998,RH,AllPub,TwnhsE
1265,183900,7,5,3,6,1452,691,1999,FV,AllPub,TwnhsE
1266,122000,7,4,4,9,1889,925,1910,RM,AllPub,2fmCon
1267,378500,9,5,3,10,2018,2002,2008,RL,AllPub,1Fam
1268,381000,8,9,4,11,3447,728,1935,RL,AllPub,1Fam
1269,144000,5,5,3,7,1524,874,1958,RL,AllPub,1Fam
1270,260000,7,6,0,4,1524,1332,1979,RL,AllPub,1Fam
1271,185750,6,7,3,7,1489,1489,1968,RL,AllPub,1Fam
1272,137000,5,6,3,5,935,935,1965,RL,AllPub,1Fam
1273,177000,6,7,2,5,1357,1019,1959,RL,AllPub,1Fam
1274,139000,5,6,3,8,1250,661,1910,RL,AllPub,1Fam
1275,137000,5,5,4,10,1920,928,1948,RL,AllPub,Duplex
1276,162000,6,6,3,6,1395,723,1972,RL,AllPub,1Fam
1277,197900,6,5,3,7,1724,1680,1967,RL,AllPub,1Fam
1278,237000,8,5,3,7,2031,1128,2002,RL,AllPub,1Fam
1279,68400,4,4,2,6,1128,698,1920,C (all),AllPub,1Fam
1280,227000,7,5,3,6,1573,1573,2002,RL,AllPub,1Fam
1281,180000,7,5,2,6,1339,1309,1990,RL,AllPub,1Fam
1282,150500,5,7,3,5,1040,1040,1977,RL,AllPub,1Fam
1283,139000,6,5,4,8,1824,912,1971,RL,AllPub,Duplex
1284,169000,6,7,4,10,2447,804,1919,RL,AllPub,1Fam
1285,132500,6,6,4,6,1412,780,1939,RM,AllPub,1Fam
1286,143000,6,5,3,6,1328,1328,1963,RL,AllPub,1Fam
1287,190000,5,5,4,7,1582,1624,1964,RL,AllPub,1Fam
1288,278000,8,5,2,5,1659,1501,2000,RL,AllPub,TwnhsE
1289,281000,8,5,3,8,1970,1085,2006,RL,AllPub,1Fam
1290,180500,5,7,3,6,1152,1152,1964,RL,AllPub,1Fam
1291,119500,5,7,3,6,1302,630,1972,RM,AllPub,Twnhs
1292,107500,5,4,4,11,2372,994,1892,RM,AllPub,1Fam
1293,162900,7,5,4,8,1664,832,1976,RL,AllPub,1Fam
1294,115000,5,7,2,5,864,864,1955,RL,AllPub,1Fam
1295,138500,5,5,3,5,1052,1052,1968,RL,AllPub,1Fam
1296,155000,5,6,3,6,1128,1120,1963,RL,AllPub,1Fam
1297,140000,6,5,2,5,1072,547,2005,RM,AllPub,TwnhsE
1298,160000,10,5,3,12,5642,6110,2008,RL,AllPub,1Fam
1299,154000,5,7,3,6,1246,1246,1959,RL,AllPub,1Fam
1300,225000,7,5,3,9,1983,978,1999,RL,AllPub,1Fam
1301,177500,6,7,3,7,1494,771,1942,RL,AllPub,1Fam
1302,290000,8,5,4,8,2526,1165,1994,RL,AllPub,1Fam
1303,232000,7,5,3,7,1616,1616,2005,RL,AllPub,1Fam
1304,130000,7,5,3,7,1708,976,2004,RM,AllPub,TwnhsE
1305,325000,9,5,2,6,1652,1652,2006,RL,AllPub,1Fam
1306,202500,7,5,2,6,1368,1368,2005,RL,AllPub,TwnhsE
1307,138000,5,5,3,5,990,990,1994,RL,AllPub,1Fam
1308,147000,5,7,2,6,1122,924,1948,RM,AllPub,1Fam
1309,179200,6,5,3,6,1294,1278,1991,RL,AllPub,1Fam
1310,335000,7,8,3,7,1902,1902,1959,RL,AllPub,1Fam
1311,203000,7,5,3,6,1274,1274,2005,RL,AllPub,1Fam
1312,302000,8,5,4,9,2810,1453,1990,RL,AllPub,1Fam
1313,333168,9,5,4,10,2599,1393,1999,RL,AllPub,1Fam
1314,119000,4,6,3,5,948,948,1954,RL,AllPub,1Fam
1315,206900,6,5,4,9,2112,952,1969,RL,AllPub,1Fam
1316,295493,8,5,3,8,1630,1622,2008,RL,AllPub,1Fam
1317,208900,7,5,2,5,1352,1352,2006,FV,AllPub,TwnhsE
1318,275000,8,5,3,7,1787,1753,2001,RL,AllPub,1Fam
1319,111000,4,5,3,5,948,864,1954,RL,AllPub,1Fam
1320,156500,6,3,3,6,1478,1478,1957,RL,AllPub,1Fam
1321,72500,3,6,2,4,720,0,1949,RL,AllPub,1Fam
1322,190000,7,5,3,8,1923,750,1992,RL,AllPub,1Fam
1323,82500,4,7,2,5,708,420,1940,RL,AllPub,1Fam
1324,147000,8,5,2,7,1795,1795,2006,RL,AllPub,1Fam
1325,55000,4,4,2,5,796,796,1922,RM,AllPub,1Fam
1326,79000,3,6,3,6,774,544,1931,RH,AllPub,1Fam
1327,130500,5,9,3,5,816,816,1982,RL,AllPub,1Fam
1328,256000,6,7,5,8,2792,1510,1920,RM,AllPub,1Fam
1329,176500,7,5,3,8,1632,935,1998,RL,AllPub,1Fam
1330,227000,8,5,3,7,1588,1588,2006,RL,AllPub,1Fam
1331,132500,5,5,3,6,954,911,1976,RL,AllPub,1Fam
1332,100000,4,6,2,3,816,816,1938,RL,AllPub,1Fam
1333,125500,5,6,2,6,1360,803,1938,RM,AllPub,1Fam
1334,125000,5,6,3,7,1365,765,1970,RM,AllPub,TwnhsE
1335,167900,6,5,2,6,1334,1350,1977,RL,AllPub,1Fam
1336,135000,5,5,4,8,1656,1656,1973,RL,AllPub,Duplex
1337,52500,4,4,2,4,693,693,1941,RM,AllPub,1Fam
1338,200000,7,5,3,8,1861,916,2002,RL,AllPub,1Fam
1339,128500,5,7,3,5,864,864,1972,RL,AllPub,1Fam
1340,123000,4,5,3,5,872,858,1971,RL,AllPub,1Fam
1341,155000,6,5,3,6,1114,1114,2003,RL,AllPub,1Fam
1342,228500,8,5,3,7,2169,1284,2002,RL,AllPub,1Fam
1343,177000,6,6,3,9,1913,896,1928,RL,AllPub,1Fam
1344,155835,7,5,3,8,1456,728,2006,RL,AllPub,1Fam
1345,108500,4,4,2,5,960,960,1920,RM,AllPub,1Fam
1346,262500,7,7,3,9,2156,1568,1968,RL,AllPub,1Fam
1347,283463,8,5,3,7,1776,1732,2006,RL,AllPub,1Fam
1348,215000,7,5,3,5,1494,1482,1998,RL,AllPub,1Fam
1349,122000,8,5,4,8,2358,684,1872,RM,AllPub,1Fam
1350,200000,5,5,6,12,2634,1248,1969,RL,AllPub,Duplex
1351,171000,6,6,4,8,1716,858,1962,RL,AllPub,1Fam
1352,134900,6,9,2,4,1176,698,1937,RM,AllPub,1Fam
1353,410000,8,5,4,9,3238,2033,1995,RL,AllPub,1Fam
1354,235000,7,5,3,7,1865,992,2000,RL,AllPub,1Fam
1355,170000,7,6,4,8,1920,570,1968,RL,AllPub,1Fam
1356,110000,5,5,3,5,892,864,1966,RL,AllPub,1Fam
1357,149900,5,6,3,6,1078,1078,1971,RL,AllPub,1Fam
1358,177500,6,5,3,5,1573,756,2000,FV,AllPub,Twnhs
1359,315000,9,5,3,8,1980,1980,2004,RL,AllPub,1Fam
1360,189000,5,6,4,8,2601,612,1921,RL,AllPub,1Fam
1361,260000,7,5,3,7,1530,1530,2005,RL,AllPub,1Fam
1362,104900,4,4,4,7,1738,715,1920,RL,AllPub,1Fam
1363,156932,6,5,3,6,1412,616,2006,RL,AllPub,1Fam
1364,144152,7,5,2,4,1200,600,2005,FV,AllPub,TwnhsE
1365,216000,7,5,3,7,1674,814,2000,FV,AllPub,1Fam
1366,193000,7,5,3,7,1790,873,1999,RL,AllPub,1Fam
1367,127000,5,6,4,6,1475,757,1977,RM,AllPub,TwnhsE
1368,144000,6,5,1,4,848,848,2003,RM,AllPub,TwnhsE
1369,232000,8,5,3,8,1668,1657,2003,RL,AllPub,1Fam
1370,105000,4,6,2,6,1374,840,1920,RL,AllPub,1Fam
1371,165500,6,6,3,8,1661,992,1955,RL,AllPub,1Fam
1372,274300,7,6,3,8,2097,1108,1998,RL,AllPub,1Fam
1373,466500,10,5,2,8,2633,2633,2001,RL,AllPub,1Fam
1374,250000,7,5,3,9,1958,1026,2005,FV,AllPub,1Fam
1375,239000,8,5,3,7,1571,1571,2007,RL,AllPub,1Fam
1376,91000,6,5,2,4,790,768,1930,RL,AllPub,1Fam
1377,117000,5,5,3,6,1604,984,1941,RL,AllPub,1Fam
1378,83000,6,5,2,5,987,483,1973,RM,AllPub,Twnhs
1379,167500,5,5,3,7,1394,384,2006,RL,AllPub,1Fam
1380,58500,3,3,2,5,864,864,1914,RL,AllPub,1Fam
1381,237500,6,7,4,7,2117,1205,1970,RL,AllPub,1Fam
1382,157000,7,7,4,8,1762,596,1920,RM,AllPub,1Fam
1383,112000,5,7,3,7,1416,816,1918,RL,AllPub,1Fam
1384,105000,6,5,2,6,1258,560,1939,RL,AllPub,1Fam
1385,125500,4,8,3,7,1154,796,1922,RM,AllPub,1Fam
1386,250000,7,5,5,12,2784,1392,1978,RL,AllPub,1Fam
1387,136000,6,7,5,10,2526,714,1916,RM,AllPub,1Fam
1388,377500,9,5,3,7,1746,1746,2006,RL,AllPub,1Fam
1389,131000,6,6,3,6,1218,735,1941,RM,AllPub,1Fam
1390,235000,7,5,3,6,1525,1525,2000,RL,AllPub,1Fam
1391,124000,5,5,4,8,1584,1584,1967,RL,AllPub,Duplex
1392,123000,5,5,3,6,900,864,1967,RL,AllPub,1Fam
1393,163000,6,7,3,7,1912,482,1905,RM,AllPub,2fmCon
1394,246578,7,5,2,6,1500,1356,2006,RL,AllPub,TwnhsE
1395,281213,8,5,4,9,2482,1094,2005,RL,AllPub,1Fam
1396,160000,5,5,3,7,1687,747,1948,RL,AllPub,1Fam
1397,137500,5,8,4,8,1513,939,1920,RM,AllPub,1Fam
1398,138000,5,4,3,7,1904,1208,1950,RL,AllPub,1Fam
1399,137450,6,6,3,7,1608,976,1925,RL,AllPub,1Fam
1400,120000,6,7,3,5,1158,862,1929,RM,AllPub,1Fam
1401,193000,6,5,3,8,1593,839,2004,RL,AllPub,1Fam
1402,193879,7,5,2,6,1294,1286,2006,RL,AllPub,1Fam
1403,282922,8,5,3,6,1464,1485,2007,RL,AllPub,1Fam
1404,105000,3,4,3,6,1214,672,1915,RL,AllPub,1Fam
1405,275000,8,5,2,5,1646,1594,2004,RM,AllPub,TwnhsE
1406,133000,5,7,2,5,768,768,1972,RL,AllPub,1Fam
1407,112000,5,5,3,5,833,833,1985,RL,AllPub,1Fam
1408,125500,4,7,3,6,1363,622,1910,RM,AllPub,1Fam
1409,215000,7,6,3,7,2093,791,1986,RL,AllPub,1Fam
1410,230000,7,5,3,6,1840,944,2001,RL,AllPub,1Fam
1411,140000,6,8,3,6,1668,856,1950,RL,AllPub,1Fam
1412,90000,4,5,2,6,1040,0,1949,RL,AllPub,Duplex
1413,257000,8,5,2,7,1844,1844,2005,RL,AllPub,1Fam
1414,207000,6,7,4,8,1848,833,1923,RL,AllPub,1Fam
1415,175900,7,5,1,7,1569,1386,2007,RL,AllPub,TwnhsE
1416,122500,4,6,4,11,2290,777,1885,RM,AllPub,2fmCon
1417,340000,8,5,3,7,2450,1284,1998,RL,AllPub,1Fam
1418,124000,5,5,3,6,1144,1144,1963,RL,AllPub,1Fam
1419,223000,6,5,3,7,1844,1844,1969,RL,AllPub,1Fam
1420,179900,6,6,3,7,1416,708,1968,RL,AllPub,1Fam
1421,127500,6,5,2,4,1069,1069,1977,RL,AllPub,TwnhsE
1422,136500,6,5,1,3,848,848,2003,RM,AllPub,TwnhsE
1423,274970,6,7,4,8,2201,697,1966,RL,AllPub,1Fam
1424,144000,5,5,2,6,1344,1024,1958,RL,AllPub,1Fam
1425,142000,6,6,3,7,1252,1252,1959,RL,AllPub,1Fam
1426,271000,7,5,3,5,2127,1223,1994,RL,AllPub,1Fam
1427,140000,5,6,3,6,1558,913,1945,RL,AllPub,1Fam
1428,119000,5,7,2,4,804,788,1940,RM,AllPub,1Fam
1429,182900,6,7,3,7,1440,1440,1981,RL,AllPub,1Fam
1430,192140,5,5,4,7,1838,732,2005,RL,AllPub,1Fam
1431,143750,6,6,2,5,958,958,1976,RL,AllPub,TwnhsE
1432,64500,4,6,4,5,968,656,1927,RL,AllPub,1Fam
1433,186500,6,5,3,8,1792,936,2000,RL,AllPub,1Fam
1434,160000,5,5,3,5,1126,1126,1977,RL,AllPub,1Fam
1435,174000,6,9,3,7,1537,1319,1962,RL,AllPub,1Fam
1436,120500,4,6,3,5,864,864,1971,RL,AllPub,1Fam
1437,394617,8,5,2,7,1932,1932,2008,RL,AllPub,1Fam
1438,149700,6,7,2,6,1236,912,1957,RM,AllPub,1Fam
1439,197000,7,6,3,6,1725,539,1979,RL,AllPub,1Fam
1440,191000,6,7,3,11,2555,588,1922,RL,AllPub,1Fam
1441,149300,6,5,1,3,848,848,2004,RM,AllPub,TwnhsE
1442,310000,10,5,3,10,2007,1017,2008,FV,AllPub,1Fam
1443,121000,6,6,2,4,952,952,1916,RL,AllPub,1Fam
1444,179600,7,5,3,7,1422,1422,2004,RL,AllPub,1Fam
1445,129000,6,5,3,6,913,814,1966,RL,AllPub,1Fam
1446,157900,5,7,3,6,1188,1188,1962,RL,AllPub,1Fam
1447,240000,8,5,3,8,2090,1220,1995,RL,AllPub,1Fam
1448,112000,4,7,2,6,1346,560,1910,RL,AllPub,1Fam
1449,92000,5,7,1,3,630,630,1970,RM,AllPub,Twnhs
1450,136000,5,5,4,8,1792,896,1974,RL,AllPub,Duplex
1451,287090,8,5,3,7,1578,1573,2008,RL,AllPub,1Fam
1452,145000,5,5,2,5,1072,547,2005,RM,AllPub,TwnhsE
1453,84500,5,5,3,6,1140,1140,2006,RL,AllPub,1Fam
1454,185000,7,5,2,6,1221,1221,2004,FV,AllPub,1Fam
1455,175000,6,5,3,7,1647,953,1999,RL,AllPub,1Fam
1456,210000,6,6,3,7,2073,1542,1978,RL,AllPub,1Fam
1457,266500,7,9,4,9,2340,1152,1941,RL,AllPub,1Fam
1458,142125,5,6,2,5,1078,1078,1950,RL,AllPub,1Fam
1459,147500,5,6,3,6,1256,1256,1965,RL,AllPub,1Fam
